{
  "resourceType": "Group",
  "id": "example-id-group",
  "meta": {
    "lastUpdated": "2021-04-01T03:04:12.348-04:00",
    "profile": [
      "http://alr.cms.gov/ig/StructureDefinition/alr-Group"
    ]
  },
  "text": {
    "status": "additional",
    "div": "<div xmlns=\"http://www.w3.org/1999/xhtml\"><p>General example of a Group resource</p></div>"
  },
  "extension": [
    {
      "url": "http://hl7.org/fhir/us/davinci-atr/StructureDefinition/ext-contractValidityPeriod",
      "valuePeriod": {
        "start": "2020-04-01",
        "end": "2021-03-31"
      }
    }
  ],
  "active": true,
  "type": "person",
  "actual": true,
  "name": "General Example of ALR Group",
  "managingEntity": {
    "reference": "Organization/123",
    "display": "Sample Organization"
  },
  "member": [
    {
      "extension": [
        {
          "url": "http://hl7.org/fhir/us/davinci-atr/StructureDefinition/ext-changeType",
          "valueCode": "excluded"
        },
        {
          "url": "http://hl7.org/fhir/us/davinci-atr/StructureDefinition/ext-coverageReference",
          "valueReference": {
            "reference": "Coverage/example-id-coverage"
          }
        },
        {
          "url": "http://hl7.org/fhir/us/davinci-atr/StructureDefinition/ext-attributedProvider",
          "valueReference": {
            "reference": "Practitioner/example-id-prac"
          }
        },
        {
          "extension": [
            {
              "url": "reasonCode",
              "valueCoding": {
                "system": "https://bluebutton.cms.gov/resources/variables/alr/changeReason",
                "code": "GHP_EXCLUDED",
                "display": "Beneficiary had at least one month of Part-A only or Part-B only coverage"
              }
            },
            {
              "url": "reasonCode",
              "valueCoding": {
                "system": "https://bluebutton.cms.gov/resources/variables/alr/changeReason",
                "code": "MISSING_ID_EXCLUDED",
                "display": "Beneficiary identifier is missing"
              }
            }
          ],
          "url": "http://alr.cms.gov/ig/StructureDefinition/ext-changeReason"
        },
        {
          "url": "http://alr.cms.gov/ig/StructureDefinition/ext-claimsBasedAssignmentFlag",
          "valueBoolean": true
        },
        {
          "url": "http://alr.cms.gov/ig/StructureDefinition/ext-claimsBasedAssignmentStep",
          "valueInteger": 3
        },
        {
          "url": "http://alr.cms.gov/ig/StructureDefinition/ext-prevAssignedBeneficiaryFlag",
          "valueBoolean": true
        },
        {
          "url": "http://alr.cms.gov/ig/StructureDefinition/ext-newlyAssignedBeneficiaryFlag",
          "valueBoolean": false
        },
        {
          "url": "http://alr.cms.gov/ig/StructureDefinition/ext-voluntaryAlignmentFlag",
          "valueBoolean": false
        },
        {
          "url": "http://alr.cms.gov/ig/StructureDefinition/ext-voluntaryAlignmentProvider",
          "valueIdentifier": {
            "type": {
              "coding": [
                {
                  "system": "http://hl7.org/fhir/sid/us-npi",
                  "code": "NPI",
                  "display": "NPI number"
                }
              ]
            },
            "system": "http://hl7.org/fhir/sid/us-npi",
            "value": "example-NPI"
          }
        },
        {
          "url": "http://alr.cms.gov/ig/StructureDefinition/ext-voluntaryAlignmentProvider",
          "valueIdentifier": {
            "type": {
              "coding": [
                {
                  "system": "http://terminology.hl7.org/CodeSystem/v2-0203",
                  "code": "TAX",
                  "display": "Tax ID number"
                }
              ]
            },
            "system": "http://terminology.hl7.org/CodeSystem/v2-0203",
            "value": "example-TIN"
          }
        }
      ],
      "entity": {
        "reference": "Patient/example-id-patient"
      }
    },
    {
      "extension": [
        {
          "url": "http://hl7.org/fhir/us/davinci-atr/StructureDefinition/ext-changeType",
          "valueCode": "nochange"
        },
        {
          "url": "http://hl7.org/fhir/us/davinci-atr/StructureDefinition/ext-coverageReference",
          "valueReference": {
            "reference": "Coverage/example-id-coverage"
          }
        },
        {
          "url": "http://hl7.org/fhir/us/davinci-atr/StructureDefinition/ext-attributedProvider",
          "valueReference": {
            "reference": "Practitioner/example-id-prac"
          }
        },
        {
          "url": "http://alr.cms.gov/ig/StructureDefinition/ext-claimsBasedAssignmentFlag",
          "valueBoolean": false
        },
        {
          "url": "http://alr.cms.gov/ig/StructureDefinition/ext-claimsBasedAssignmentStep",
          "valueInteger": 2
        },
        {
          "url": "http://alr.cms.gov/ig/StructureDefinition/ext-prevAssignedBeneficiaryFlag",
          "valueBoolean": false
        },
        {
          "url": "http://alr.cms.gov/ig/StructureDefinition/ext-newlyAssignedBeneficiaryFlag",
          "valueBoolean": true
        },
        {
          "url": "http://alr.cms.gov/ig/StructureDefinition/ext-voluntaryAlignmentFlag",
          "valueBoolean": true
        }
      ],
      "entity": {
        "reference": "Patient/example-id-2-patient"
      }
    },
    {
      "extension": [
        {
          "url": "http://hl7.org/fhir/us/davinci-atr/StructureDefinition/ext-changeType",
          "valueCode": "new"
        },
        {
          "url": "http://hl7.org/fhir/us/davinci-atr/StructureDefinition/ext-coverageReference",
          "valueReference": {
            "reference": "Coverage/example-id-coverage"
          }
        },
        {
          "url": "http://hl7.org/fhir/us/davinci-atr/StructureDefinition/ext-attributedProvider",
          "valueReference": {
            "reference": "Practitioner/example-id-prac"
          }
        },
        {
          "url": "http://alr.cms.gov/ig/StructureDefinition/ext-claimsBasedAssignmentFlag",
          "valueBoolean": true
        },
        {
          "url": "http://alr.cms.gov/ig/StructureDefinition/ext-claimsBasedAssignmentStep",
          "valueInteger": 1
        },
        {
          "url": "http://alr.cms.gov/ig/StructureDefinition/ext-prevAssignedBeneficiaryFlag",
          "valueBoolean": false
        },
        {
          "url": "http://alr.cms.gov/ig/StructureDefinition/ext-newlyAssignedBeneficiaryFlag",
          "valueBoolean": true
        },
        {
          "url": "http://alr.cms.gov/ig/StructureDefinition/ext-voluntaryAlignmentFlag",
          "valueBoolean": true
        }
      ],
      "entity": {
        "reference": "Patient/example-id-3-patient"
      }
    },
    {
      "extension": [
        {
          "url": "http://hl7.org/fhir/us/davinci-atr/StructureDefinition/ext-changeType",
          "valueCode": "dropped"
        },
        {
          "url": "http://hl7.org/fhir/us/davinci-atr/StructureDefinition/ext-coverageReference",
          "valueReference": {
            "reference": "Coverage/example-id-coverage"
          }
        },
        {
          "url": "http://hl7.org/fhir/us/davinci-atr/StructureDefinition/ext-attributedProvider",
          "valueReference": {
            "reference": "Practitioner/example-id-prac"
          }
        },
        {
          "extension": [
            {
              "url": "reasonCode",
              "valueCoding": {
                "system": "https://bluebutton.cms.gov/resources/variables/alr/changeReason",
                "code": "#PLUR_R05",
                "display": "Beneficiary did not receive the plurality of their primary care services from the ACO"
              }
            },
            {
              "url": "reasonCode",
              "valueCoding": {
                "system": "https://bluebutton.cms.gov/resources/variables/alr/changeReason",
                "code": "NO_US_R02",
                "display": "Beneficiary does not reside in the United States"
              }
            }
          ],
          "url": "http://alr.cms.gov/ig/StructureDefinition/ext-changeReason"
        },
        {
          "url": "http://alr.cms.gov/ig/StructureDefinition/ext-claimsBasedAssignmentFlag",
          "valueBoolean": false
        },
        {
          "url": "http://alr.cms.gov/ig/StructureDefinition/ext-claimsBasedAssignmentStep",
          "valueInteger": 0
        },
        {
          "url": "http://alr.cms.gov/ig/StructureDefinition/ext-prevAssignedBeneficiaryFlag",
          "valueBoolean": true
        },
        {
          "url": "http://alr.cms.gov/ig/StructureDefinition/ext-newlyAssignedBeneficiaryFlag",
          "valueBoolean": false
        },
        {
          "url": "http://alr.cms.gov/ig/StructureDefinition/ext-voluntaryAlignmentFlag",
          "valueBoolean": false
        }
      ],
      "entity": {
        "reference": "Patient/example-id-patient"
      }
    }
  ]
}