{
  "resourceType": "Group",
  "id": "example-id-group",
  "meta": {
    "lastUpdated": "2021-04-01T03:04:12.348-04:00",
    "profile": [
      "http://alr.cms.gov/ig/StructureDefinition/alr-Group"
    ]
  },
  "text": {
    "status": "extensions",
    "div": "<div xmlns=\"http://www.w3.org/1999/xhtml\"><p><b>Generated Narrative</b></p><p><b>Contract Validity Period</b>: 2020-04-01 --&gt; 2021-03-31</p><p><b>active</b>: true</p><p><b>type</b>: person</p><p><b>actual</b>: true</p><p><b>name</b>: General Example of ALR Group</p><p><b>managingEntity</b>: <a href=\"Organization/123\">Sample Organization</a></p><blockquote><p><b>member</b></p><p><b>Group Member Change Information</b>: dropped</p><p><b>Coverage Reference</b>: <a href=\"Coverage-example-id-coverage.html\">Generated Summary: status: active; subscriberId: -19999000381; period: 2020-01-01 --&gt; 2020-12-31</a></p><p><b>Attributed Provider</b>: <a href=\"Practitioner/example-id-prac\">Practitioner/example-id-prac</a></p><blockquote><p><b>ALR Change Reason</b></p><h3>Urls</h3><table class=\"grid\"><tr><td>-</td></tr><tr><td>*</td></tr></table><p><b>value</b>: <span title=\"{https://bluebutton.cms.gov/resources/variables/alr/changeReason GHP_EXCLUDED}\">Beneficiary had at least one month of Part-A only or Part-B only coverage</span></p><h3>Urls</h3><table class=\"grid\"><tr><td>-</td></tr><tr><td>*</td></tr></table><p><b>value</b>: <span title=\"{https://bluebutton.cms.gov/resources/variables/alr/changeReason MISSING_ID_EXCLUDED}\">Beneficiary identifier is missing</span></p></blockquote><p><b>ALR Claims Based Assignment</b>: true</p><p><b>ALR Claims Based Assignment</b>: 3</p><p><b>ALR Previously Assigned Beneficiary Flag</b>: true</p><p><b>ALR Newly Assigned Beneficiary Flag</b>: false</p><p><b>ALR Voluntary Alignment</b>: false</p><p><b>entity</b>: <a href=\"Patient-example-id-patient.html\">General example of coverage with gaps in enrollment periodGenerated Summary: id: example-ccw-id, id: 412be343c343343324f661527671abb5307d5e89031db9a9f, id: example-mbi-patient; John Doe ; gender: male; birthDate: 1957-01-17; deceased: 2020-03-18</a></p></blockquote><blockquote><p><b>member</b></p><p><b>Group Member Change Information</b>: nochange</p><p><b>Coverage Reference</b>: <a href=\"Coverage-example-id-coverage.html\">Generated Summary: status: active; subscriberId: -19999000381; period: 2020-01-01 --&gt; 2020-12-31</a></p><p><b>Attributed Provider</b>: <a href=\"Practitioner/example-id-prac\">Practitioner/example-id-prac</a></p><p><b>ALR Claims Based Assignment</b>: false</p><p><b>ALR Claims Based Assignment</b>: 2</p><p><b>ALR Previously Assigned Beneficiary Flag</b>: false</p><p><b>ALR Newly Assigned Beneficiary Flag</b>: true</p><p><b>ALR Voluntary Alignment</b>: true</p><p><b>entity</b>: <a href=\"Patient/example-id-2-patient\">Patient/example-id-2-patient</a></p></blockquote><blockquote><p><b>member</b></p><p><b>Group Member Change Information</b>: new</p><p><b>Coverage Reference</b>: <a href=\"Coverage-example-id-coverage.html\">Generated Summary: status: active; subscriberId: -19999000381; period: 2020-01-01 --&gt; 2020-12-31</a></p><p><b>Attributed Provider</b>: <a href=\"Practitioner/example-id-prac\">Practitioner/example-id-prac</a></p><p><b>ALR Claims Based Assignment</b>: true</p><p><b>ALR Claims Based Assignment</b>: 1</p><p><b>ALR Previously Assigned Beneficiary Flag</b>: false</p><p><b>ALR Newly Assigned Beneficiary Flag</b>: true</p><p><b>ALR Voluntary Alignment</b>: true</p><p><b>entity</b>: <a href=\"Patient/example-id-3-patient\">Patient/example-id-3-patient</a></p></blockquote></div>"
  },
  "extension": [
    {
      "url": "http://hl7.org/fhir/us/davinci-atr/StructureDefinition/ext-contractValidityPeriod",
      "valuePeriod": {
        "start": "2020-04-01",
        "end": "2021-03-31"
      }
    }
  ],
  "active": true,
  "type": "person",
  "actual": true,
  "name": "General Example of ALR Group",
  "managingEntity": {
    "reference": "Organization/123",
    "display": "Sample Organization"
  },
  "member": [
    {
      "extension": [
        {
          "url": "http://hl7.org/fhir/us/davinci-atr/StructureDefinition/ext-changeType",
          "valueCode": "dropped"
        },
        {
          "url": "http://hl7.org/fhir/us/davinci-atr/StructureDefinition/ext-coverageReference",
          "valueReference": {
            "reference": "Coverage/example-id-coverage"
          }
        },
        {
          "url": "http://hl7.org/fhir/us/davinci-atr/StructureDefinition/ext-attributedProvider",
          "valueReference": {
            "reference": "Practitioner/example-id-prac"
          }
        },
        {
          "extension": [
            {
              "url": "reasonCode",
              "valueCoding": {
                "system": "https://bluebutton.cms.gov/resources/variables/alr/changeReason",
                "code": "GHP_EXCLUDED",
                "display": "Beneficiary had at least one month of Part-A only or Part-B only coverage"
              }
            },
            {
              "url": "reasonCode",
              "valueCoding": {
                "system": "https://bluebutton.cms.gov/resources/variables/alr/changeReason",
                "code": "MISSING_ID_EXCLUDED",
                "display": "Beneficiary identifier is missing"
              }
            }
          ],
          "url": "http://alr.cms.gov/ig/StructureDefinition/ext-changeReason"
        },
        {
          "url": "http://alr.cms.gov/ig/StructureDefinition/ext-claimsBasedAssignmentFlag",
          "valueBoolean": true
        },
        {
          "url": "http://alr.cms.gov/ig/StructureDefinition/ext-claimsBasedAssignmentStep",
          "valueInteger": 3
        },
        {
          "url": "http://alr.cms.gov/ig/StructureDefinition/ext-prevAssignedBeneficiaryFlag",
          "valueBoolean": true
        },
        {
          "url": "http://alr.cms.gov/ig/StructureDefinition/ext-newlyAssignedBeneficiaryFlag",
          "valueBoolean": false
        },
        {
          "url": "http://alr.cms.gov/ig/StructureDefinition/ext-voluntaryAlignmentFlag",
          "valueBoolean": false
        }
      ],
      "entity": {
        "reference": "Patient/example-id-patient"
      }
    },
    {
      "extension": [
        {
          "url": "http://hl7.org/fhir/us/davinci-atr/StructureDefinition/ext-changeType",
          "valueCode": "nochange"
        },
        {
          "url": "http://hl7.org/fhir/us/davinci-atr/StructureDefinition/ext-coverageReference",
          "valueReference": {
            "reference": "Coverage/example-id-coverage"
          }
        },
        {
          "url": "http://hl7.org/fhir/us/davinci-atr/StructureDefinition/ext-attributedProvider",
          "valueReference": {
            "reference": "Practitioner/example-id-prac"
          }
        },
        {
          "url": "http://alr.cms.gov/ig/StructureDefinition/ext-claimsBasedAssignmentFlag",
          "valueBoolean": false
        },
        {
          "url": "http://alr.cms.gov/ig/StructureDefinition/ext-claimsBasedAssignmentStep",
          "valueInteger": 2
        },
        {
          "url": "http://alr.cms.gov/ig/StructureDefinition/ext-prevAssignedBeneficiaryFlag",
          "valueBoolean": false
        },
        {
          "url": "http://alr.cms.gov/ig/StructureDefinition/ext-newlyAssignedBeneficiaryFlag",
          "valueBoolean": true
        },
        {
          "url": "http://alr.cms.gov/ig/StructureDefinition/ext-voluntaryAlignmentFlag",
          "valueBoolean": true
        }
      ],
      "entity": {
        "reference": "Patient/example-id-2-patient"
      }
    },
    {
      "extension": [
        {
          "url": "http://hl7.org/fhir/us/davinci-atr/StructureDefinition/ext-changeType",
          "valueCode": "new"
        },
        {
          "url": "http://hl7.org/fhir/us/davinci-atr/StructureDefinition/ext-coverageReference",
          "valueReference": {
            "reference": "Coverage/example-id-coverage"
          }
        },
        {
          "url": "http://hl7.org/fhir/us/davinci-atr/StructureDefinition/ext-attributedProvider",
          "valueReference": {
            "reference": "Practitioner/example-id-prac"
          }
        },
        {
          "url": "http://alr.cms.gov/ig/StructureDefinition/ext-claimsBasedAssignmentFlag",
          "valueBoolean": true
        },
        {
          "url": "http://alr.cms.gov/ig/StructureDefinition/ext-claimsBasedAssignmentStep",
          "valueInteger": 1
        },
        {
          "url": "http://alr.cms.gov/ig/StructureDefinition/ext-prevAssignedBeneficiaryFlag",
          "valueBoolean": false
        },
        {
          "url": "http://alr.cms.gov/ig/StructureDefinition/ext-newlyAssignedBeneficiaryFlag",
          "valueBoolean": true
        },
        {
          "url": "http://alr.cms.gov/ig/StructureDefinition/ext-voluntaryAlignmentFlag",
          "valueBoolean": true
        }
      ],
      "entity": {
        "reference": "Patient/example-id-3-patient"
      }
    }
  ]
}