{
  "resourceType": "ImplementationGuide",
  "id": "cms.gov.us.alr",
  "text": {
    "status": "extensions",
    "div": "<div xmlns=\"http://www.w3.org/1999/xhtml\"><h2>AssignmentListIG</h2><p>The official URL for this implementation guide is: </p><pre>http://alr.cms.gov/ig/ImplementationGuide/cms.gov.us.alr</pre><div><p>Implementation Guide for the FHIR version of the CMS Assignment List Report</p>\n</div></div>"
  },
  "url": "http://alr.cms.gov/ig/ImplementationGuide/cms.gov.us.alr",
  "version": "0.0.1",
  "name": "AssignmentListIG",
  "title": "CMS Assignment List Report FHIR IG",
  "status": "draft",
  "date": "2021-05-21T12:02:13-06:00",
  "description": "Implementation Guide for the FHIR version of the CMS Assignment List Report",
  "packageId": "cms.gov.us.alr",
  "license": "CC0-1.0",
  "fhirVersion": [
    "4.0.1"
  ],
  "dependsOn": [
    {
      "id": "hl7_fhir_us_core",
      "uri": "http://hl7.org/fhir/us/core/ImplementationGuide/hl7.fhir.us.core",
      "packageId": "hl7.fhir.us.core",
      "version": "3.1.1"
    },
    {
      "id": "hl7_fhir_us_davinci_atr",
      "uri": "http://hl7.org/fhir/us/davinci-atr/ImplementationGuide/hl7.fhir.us.davinci-atr",
      "packageId": "hl7.fhir.us.davinci-atr",
      "version": "1.0.0"
    }
  ],
  "definition": {
    "extension": [
      {
        "extension": [
          {
            "url": "code",
            "valueString": "copyrightyear"
          },
          {
            "url": "value",
            "valueString": "2021+"
          }
        ],
        "url": "http://hl7.org/fhir/tools/StructureDefinition/ig-parameter"
      },
      {
        "extension": [
          {
            "url": "code",
            "valueString": "releaselabel"
          },
          {
            "url": "value",
            "valueString": "ci-build"
          }
        ],
        "url": "http://hl7.org/fhir/tools/StructureDefinition/ig-parameter"
      },
      {
        "extension": [
          {
            "url": "code",
            "valueString": "path-liquid"
          },
          {
            "url": "value",
            "valueString": "template/liquid"
          }
        ],
        "url": "http://hl7.org/fhir/tools/StructureDefinition/ig-parameter"
      },
      {
        "extension": [
          {
            "url": "code",
            "valueString": "path-liquid"
          },
          {
            "url": "value",
            "valueString": "input/liquid"
          }
        ],
        "url": "http://hl7.org/fhir/tools/StructureDefinition/ig-parameter"
      },
      {
        "extension": [
          {
            "url": "code",
            "valueString": "path-qa"
          },
          {
            "url": "value",
            "valueString": "temp/qa"
          }
        ],
        "url": "http://hl7.org/fhir/tools/StructureDefinition/ig-parameter"
      },
      {
        "extension": [
          {
            "url": "code",
            "valueString": "path-temp"
          },
          {
            "url": "value",
            "valueString": "temp/pages"
          }
        ],
        "url": "http://hl7.org/fhir/tools/StructureDefinition/ig-parameter"
      },
      {
        "extension": [
          {
            "url": "code",
            "valueString": "path-output"
          },
          {
            "url": "value",
            "valueString": "output"
          }
        ],
        "url": "http://hl7.org/fhir/tools/StructureDefinition/ig-parameter"
      },
      {
        "extension": [
          {
            "url": "code",
            "valueString": "path-suppressed-warnings"
          },
          {
            "url": "value",
            "valueString": "input/ignoreWarnings.txt"
          }
        ],
        "url": "http://hl7.org/fhir/tools/StructureDefinition/ig-parameter"
      },
      {
        "extension": [
          {
            "url": "code",
            "valueString": "path-history"
          },
          {
            "url": "value",
            "valueString": "http://alr.cms.gov/ig/history.html"
          }
        ],
        "url": "http://hl7.org/fhir/tools/StructureDefinition/ig-parameter"
      },
      {
        "extension": [
          {
            "url": "code",
            "valueString": "template-html"
          },
          {
            "url": "value",
            "valueString": "template-page.html"
          }
        ],
        "url": "http://hl7.org/fhir/tools/StructureDefinition/ig-parameter"
      },
      {
        "extension": [
          {
            "url": "code",
            "valueString": "template-md"
          },
          {
            "url": "value",
            "valueString": "template-page-md.html"
          }
        ],
        "url": "http://hl7.org/fhir/tools/StructureDefinition/ig-parameter"
      },
      {
        "extension": [
          {
            "url": "code",
            "valueString": "apply-contact"
          },
          {
            "url": "value",
            "valueString": "true"
          }
        ],
        "url": "http://hl7.org/fhir/tools/StructureDefinition/ig-parameter"
      },
      {
        "extension": [
          {
            "url": "code",
            "valueString": "apply-context"
          },
          {
            "url": "value",
            "valueString": "true"
          }
        ],
        "url": "http://hl7.org/fhir/tools/StructureDefinition/ig-parameter"
      },
      {
        "extension": [
          {
            "url": "code",
            "valueString": "apply-copyright"
          },
          {
            "url": "value",
            "valueString": "true"
          }
        ],
        "url": "http://hl7.org/fhir/tools/StructureDefinition/ig-parameter"
      },
      {
        "extension": [
          {
            "url": "code",
            "valueString": "apply-jurisdiction"
          },
          {
            "url": "value",
            "valueString": "true"
          }
        ],
        "url": "http://hl7.org/fhir/tools/StructureDefinition/ig-parameter"
      },
      {
        "extension": [
          {
            "url": "code",
            "valueString": "apply-license"
          },
          {
            "url": "value",
            "valueString": "true"
          }
        ],
        "url": "http://hl7.org/fhir/tools/StructureDefinition/ig-parameter"
      },
      {
        "extension": [
          {
            "url": "code",
            "valueString": "apply-publisher"
          },
          {
            "url": "value",
            "valueString": "true"
          }
        ],
        "url": "http://hl7.org/fhir/tools/StructureDefinition/ig-parameter"
      },
      {
        "extension": [
          {
            "url": "code",
            "valueString": "apply-version"
          },
          {
            "url": "value",
            "valueString": "true"
          }
        ],
        "url": "http://hl7.org/fhir/tools/StructureDefinition/ig-parameter"
      },
      {
        "extension": [
          {
            "url": "code",
            "valueString": "active-tables"
          },
          {
            "url": "value",
            "valueString": "true"
          }
        ],
        "url": "http://hl7.org/fhir/tools/StructureDefinition/ig-parameter"
      }
    ],
    "resource": [
      {
        "extension": [
          {
            "url": "http://hl7.org/fhir/tools/StructureDefinition/resource-information",
            "valueString": "StructureDefinition:resource"
          }
        ],
        "reference": {
          "reference": "StructureDefinition/alr-Coverage"
        },
        "name": "ALR Coverage Profile",
        "description": "ALR Coverage Profile Desc",
        "exampleBoolean": false
      },
      {
        "extension": [
          {
            "url": "http://hl7.org/fhir/tools/StructureDefinition/resource-information",
            "valueString": "StructureDefinition:resource"
          }
        ],
        "reference": {
          "reference": "StructureDefinition/alr-Group"
        },
        "name": "ALR Group Profile",
        "description": "ALR Group Profile Desc",
        "exampleBoolean": false
      },
      {
        "extension": [
          {
            "url": "http://hl7.org/fhir/tools/StructureDefinition/resource-information",
            "valueString": "StructureDefinition:resource"
          }
        ],
        "reference": {
          "reference": "StructureDefinition/alr-HccRiskFlag"
        },
        "name": "ALR HCC Flag Profile",
        "description": "ALR HCC Flag Profile Desc",
        "exampleBoolean": false
      },
      {
        "extension": [
          {
            "url": "http://hl7.org/fhir/tools/StructureDefinition/resource-information",
            "valueString": "StructureDefinition:resource"
          }
        ],
        "reference": {
          "reference": "StructureDefinition/alr-Patient"
        },
        "name": "ALR Patient Profile",
        "description": "ALR Patient Profile Desc",
        "exampleBoolean": false
      },
      {
        "extension": [
          {
            "url": "http://hl7.org/fhir/tools/StructureDefinition/resource-information",
            "valueString": "StructureDefinition:resource"
          }
        ],
        "reference": {
          "reference": "StructureDefinition/alr-RiskAssessment"
        },
        "name": "ALR Risk Assessment Profile",
        "description": "ALR Risk Assessment Profile Desc",
        "exampleBoolean": false
      },
      {
        "extension": [
          {
            "url": "http://hl7.org/fhir/tools/StructureDefinition/resource-information",
            "valueString": "StructureDefinition:extension"
          }
        ],
        "reference": {
          "reference": "StructureDefinition/ext-changeReason"
        },
        "name": "ALR Change Reason",
        "description": "ALR Change Reason Description",
        "exampleBoolean": false
      },
      {
        "extension": [
          {
            "url": "http://hl7.org/fhir/tools/StructureDefinition/resource-information",
            "valueString": "StructureDefinition:extension"
          }
        ],
        "reference": {
          "reference": "StructureDefinition/ext-claimsBasedAssignmentFlag"
        },
        "name": "ALR Claims Based Assignment",
        "description": "ALR Claims Based Assignment Desc",
        "exampleBoolean": false
      },
      {
        "extension": [
          {
            "url": "http://hl7.org/fhir/tools/StructureDefinition/resource-information",
            "valueString": "StructureDefinition:extension"
          }
        ],
        "reference": {
          "reference": "StructureDefinition/ext-claimsBasedAssignmentStep"
        },
        "name": "ALR Claims Based Assignment",
        "description": "ALR Claims Based Assignment Desc",
        "exampleBoolean": false
      },
      {
        "extension": [
          {
            "url": "http://hl7.org/fhir/tools/StructureDefinition/resource-information",
            "valueString": "StructureDefinition:extension"
          }
        ],
        "reference": {
          "reference": "StructureDefinition/ext-enrollmentPeriod"
        },
        "name": "ALR Enrollment Period",
        "description": "ALR Enrollment Period Desc",
        "exampleBoolean": false
      },
      {
        "extension": [
          {
            "url": "http://hl7.org/fhir/tools/StructureDefinition/resource-information",
            "valueString": "StructureDefinition:extension"
          }
        ],
        "reference": {
          "reference": "StructureDefinition/ext-newlyAssignedBeneficiaryFlag"
        },
        "name": "ALR Newly Assigned Beneficiary Flag",
        "description": "ALR Newly Assigned Beneficiary Flag",
        "exampleBoolean": false
      },
      {
        "extension": [
          {
            "url": "http://hl7.org/fhir/tools/StructureDefinition/resource-information",
            "valueString": "StructureDefinition:extension"
          }
        ],
        "reference": {
          "reference": "StructureDefinition/ext-prevAssignedBeneficiaryFlag"
        },
        "name": "ALR Previously Assigned Beneficiary Flag",
        "description": "ALR Previously Assigned Beneficiary Flag",
        "exampleBoolean": false
      },
      {
        "extension": [
          {
            "url": "http://hl7.org/fhir/tools/StructureDefinition/resource-information",
            "valueString": "StructureDefinition:extension"
          }
        ],
        "reference": {
          "reference": "StructureDefinition/ext-serviceCount"
        },
        "name": "ALR Service Count",
        "description": "ALR Service Count Description",
        "exampleBoolean": false
      },
      {
        "extension": [
          {
            "url": "http://hl7.org/fhir/tools/StructureDefinition/resource-information",
            "valueString": "StructureDefinition:extension"
          }
        ],
        "reference": {
          "reference": "StructureDefinition/ext-serviceCount2"
        },
        "name": "ALR Service Count 2",
        "description": "ALR Service Count Description 2",
        "exampleBoolean": false
      },
      {
        "extension": [
          {
            "url": "http://hl7.org/fhir/tools/StructureDefinition/resource-information",
            "valueString": "StructureDefinition:extension"
          }
        ],
        "reference": {
          "reference": "StructureDefinition/ext-serviceCountCCN"
        },
        "name": "Service Count by ACO Participant CCN level",
        "description": "Assigned Beneficiaries and Number of Primary Care Services at the ACO Participant CCN Level",
        "exampleBoolean": false
      },
      {
        "extension": [
          {
            "url": "http://hl7.org/fhir/tools/StructureDefinition/resource-information",
            "valueString": "StructureDefinition:extension"
          }
        ],
        "reference": {
          "reference": "StructureDefinition/ext-serviceCountTIN"
        },
        "name": "Service Count by ACO Participant TIN level",
        "description": "Assigned Beneficiaries and Number of Primary Care Services at the ACO Participant TIN Level ",
        "exampleBoolean": false
      },
      {
        "extension": [
          {
            "url": "http://hl7.org/fhir/tools/StructureDefinition/resource-information",
            "valueString": "StructureDefinition:extension"
          }
        ],
        "reference": {
          "reference": "StructureDefinition/ext-serviceCountTIN-NPI"
        },
        "name": "Top ACO Participant TIN-Individual NPI",
        "description": "Top ACO Participant TIN-Individual NPI (by number of primary care services) for Assigned Beneficiaries",
        "exampleBoolean": false
      },
      {
        "extension": [
          {
            "url": "http://hl7.org/fhir/tools/StructureDefinition/resource-information",
            "valueString": "StructureDefinition:extension"
          }
        ],
        "reference": {
          "reference": "StructureDefinition/ext-voluntaryAlignmentFlag"
        },
        "name": "ALR Voluntary Alignment",
        "description": "ALR Voluntary Alignment Desc",
        "exampleBoolean": false
      },
      {
        "extension": [
          {
            "url": "http://hl7.org/fhir/tools/StructureDefinition/resource-information",
            "valueString": "Coverage"
          }
        ],
        "reference": {
          "reference": "Coverage/example-id-coverage"
        },
        "name": "Coverage: General Example",
        "exampleCanonical": "http://alr.cms.gov/ig/StructureDefinition/alr-Coverage"
      },
      {
        "extension": [
          {
            "url": "http://hl7.org/fhir/tools/StructureDefinition/resource-information",
            "valueString": "Group"
          }
        ],
        "reference": {
          "reference": "Group/example-id-group"
        },
        "name": "Group: General Example",
        "exampleCanonical": "http://alr.cms.gov/ig/StructureDefinition/alr-Group"
      },
      {
        "extension": [
          {
            "url": "http://hl7.org/fhir/tools/StructureDefinition/resource-information",
            "valueString": "Observation"
          }
        ],
        "reference": {
          "reference": "Observation/example-id-hcc-risk-flags"
        },
        "name": "HCC Risk Flags: General Example",
        "exampleCanonical": "http://alr.cms.gov/ig/StructureDefinition/alr-HccRiskFlag"
      },
      {
        "extension": [
          {
            "url": "http://hl7.org/fhir/tools/StructureDefinition/resource-information",
            "valueString": "RiskAssessment"
          }
        ],
        "reference": {
          "reference": "RiskAssessment/example-id-monthly-risk-score"
        },
        "name": "Risk Score: CMS-HCC Monthly Risk Score",
        "exampleCanonical": "http://alr.cms.gov/ig/StructureDefinition/alr-RiskAssessment"
      },
      {
        "extension": [
          {
            "url": "http://hl7.org/fhir/tools/StructureDefinition/resource-information",
            "valueString": "Patient"
          }
        ],
        "reference": {
          "reference": "Patient/example-id-patient"
        },
        "name": "Patient: General Example",
        "exampleCanonical": "http://alr.cms.gov/ig/StructureDefinition/alr-Patient"
      },
      {
        "extension": [
          {
            "url": "http://hl7.org/fhir/tools/StructureDefinition/resource-information",
            "valueString": "RiskAssessment"
          }
        ],
        "reference": {
          "reference": "RiskAssessment/example-id-risk-score-aged-dual"
        },
        "name": "Risk Score: CMS-HCC Risk Score for Aged/Dual",
        "exampleCanonical": "http://alr.cms.gov/ig/StructureDefinition/alr-RiskAssessment"
      },
      {
        "extension": [
          {
            "url": "http://hl7.org/fhir/tools/StructureDefinition/resource-information",
            "valueString": "RiskAssessment"
          }
        ],
        "reference": {
          "reference": "RiskAssessment/example-id-risk-score-disabled"
        },
        "name": "Risk Score: CMS-HCC Risk Score for Disabled",
        "exampleCanonical": "http://alr.cms.gov/ig/StructureDefinition/alr-RiskAssessment"
      },
      {
        "extension": [
          {
            "url": "http://hl7.org/fhir/tools/StructureDefinition/resource-information",
            "valueString": "RiskAssessment"
          }
        ],
        "reference": {
          "reference": "RiskAssessment/example-id-risk-score-esrd"
        },
        "name": "Risk Score: CMS-HCC Risk Score for ESRD",
        "exampleCanonical": "http://alr.cms.gov/ig/StructureDefinition/alr-RiskAssessment"
      }
    ],
    "page": {
      "nameUrl": "toc.html",
      "title": "Table of Contents",
      "generation": "html",
      "page": [
        {
          "nameUrl": "index.html",
          "title": "Home",
          "generation": "markdown"
        },
        {
          "nameUrl": "overview.html",
          "title": "Overview",
          "generation": "html"
        }
      ]
    },
    "parameter": [
      {
        "code": "path-resource",
        "value": "input/capabilities"
      },
      {
        "code": "path-resource",
        "value": "input/examples"
      },
      {
        "code": "path-resource",
        "value": "input/extensions"
      },
      {
        "code": "path-resource",
        "value": "input/models"
      },
      {
        "code": "path-resource",
        "value": "input/operations"
      },
      {
        "code": "path-resource",
        "value": "input/profiles"
      },
      {
        "code": "path-resource",
        "value": "input/resources"
      },
      {
        "code": "path-resource",
        "value": "input/vocabulary"
      },
      {
        "code": "path-resource",
        "value": "input/maps"
      },
      {
        "code": "path-resource",
        "value": "input/testing"
      },
      {
        "code": "path-resource",
        "value": "input/history"
      },
      {
        "code": "path-resource",
        "value": "fsh-generated/resources"
      },
      {
        "code": "path-pages",
        "value": "template/config"
      },
      {
        "code": "path-pages",
        "value": "input/images"
      },
      {
        "code": "path-tx-cache",
        "value": "input-cache/txcache"
      }
    ]
  }
}