{"resourceType":"ImplementationGuide","id":"hl7.fhir.us.cms-alr","text":{"status":"extensions","div":"<div xmlns=\"http://www.w3.org/1999/xhtml\"><h2>AssignmentListIG</h2><p>The official URL for this implementation guide is: </p><pre>http://alr.cms.gov/ig/ImplementationGuide/hl7.fhir.us.cms-alr</pre><div><p>Implementation Guide for the FHIR version of the CMS Assignment List Report</p>\n</div></div>"},"url":"http://alr.cms.gov/ig/ImplementationGuide/hl7.fhir.us.cms-alr","version":"0.0.1","name":"AssignmentListIG","title":"CMS Assignment List Report FHIR IG","status":"draft","date":"2021-09-17T09:56:04-06:00","description":"Implementation Guide for the FHIR version of the CMS Assignment List Report","packageId":"hl7.fhir.us.cms-alr","license":"CC0-1.0","fhirVersion":["4.0.1"],"dependsOn":[{"id":"hl7_fhir_us_core","uri":"http://hl7.org/fhir/us/core/ImplementationGuide/hl7.fhir.us.core","packageId":"hl7.fhir.us.core","version":"3.1.1"},{"id":"hl7_fhir_us_davinci_atr","uri":"http://hl7.org/fhir/us/davinci-atr/ImplementationGuide/hl7.fhir.us.davinci-atr","packageId":"hl7.fhir.us.davinci-atr","version":"1.0.0"}],"definition":{"extension":[{"extension":[{"url":"code","valueString":"copyrightyear"},{"url":"value","valueString":"2021+"}],"url":"http://hl7.org/fhir/tools/StructureDefinition/ig-parameter"},{"extension":[{"url":"code","valueString":"releaselabel"},{"url":"value","valueString":"ci-build"}],"url":"http://hl7.org/fhir/tools/StructureDefinition/ig-parameter"},{"extension":[{"url":"code","valueString":"path-liquid"},{"url":"value","valueString":"template/liquid"}],"url":"http://hl7.org/fhir/tools/StructureDefinition/ig-parameter"},{"extension":[{"url":"code","valueString":"path-liquid"},{"url":"value","valueString":"input/liquid"}],"url":"http://hl7.org/fhir/tools/StructureDefinition/ig-parameter"},{"extension":[{"url":"code","valueString":"path-qa"},{"url":"value","valueString":"temp/qa"}],"url":"http://hl7.org/fhir/tools/StructureDefinition/ig-parameter"},{"extension":[{"url":"code","valueString":"path-temp"},{"url":"value","valueString":"temp/pages"}],"url":"http://hl7.org/fhir/tools/StructureDefinition/ig-parameter"},{"extension":[{"url":"code","valueString":"path-output"},{"url":"value","valueString":"output"}],"url":"http://hl7.org/fhir/tools/StructureDefinition/ig-parameter"},{"extension":[{"url":"code","valueString":"path-suppressed-warnings"},{"url":"value","valueString":"input/ignoreWarnings.txt"}],"url":"http://hl7.org/fhir/tools/StructureDefinition/ig-parameter"},{"extension":[{"url":"code","valueString":"path-history"},{"url":"value","valueString":"http://alr.cms.gov/ig/history.html"}],"url":"http://hl7.org/fhir/tools/StructureDefinition/ig-parameter"},{"extension":[{"url":"code","valueString":"template-html"},{"url":"value","valueString":"template-page.html"}],"url":"http://hl7.org/fhir/tools/StructureDefinition/ig-parameter"},{"extension":[{"url":"code","valueString":"template-md"},{"url":"value","valueString":"template-page-md.html"}],"url":"http://hl7.org/fhir/tools/StructureDefinition/ig-parameter"},{"extension":[{"url":"code","valueString":"apply-contact"},{"url":"value","valueString":"true"}],"url":"http://hl7.org/fhir/tools/StructureDefinition/ig-parameter"},{"extension":[{"url":"code","valueString":"apply-context"},{"url":"value","valueString":"true"}],"url":"http://hl7.org/fhir/tools/StructureDefinition/ig-parameter"},{"extension":[{"url":"code","valueString":"apply-copyright"},{"url":"value","valueString":"true"}],"url":"http://hl7.org/fhir/tools/StructureDefinition/ig-parameter"},{"extension":[{"url":"code","valueString":"apply-jurisdiction"},{"url":"value","valueString":"true"}],"url":"http://hl7.org/fhir/tools/StructureDefinition/ig-parameter"},{"extension":[{"url":"code","valueString":"apply-license"},{"url":"value","valueString":"true"}],"url":"http://hl7.org/fhir/tools/StructureDefinition/ig-parameter"},{"extension":[{"url":"code","valueString":"apply-publisher"},{"url":"value","valueString":"true"}],"url":"http://hl7.org/fhir/tools/StructureDefinition/ig-parameter"},{"extension":[{"url":"code","valueString":"apply-version"},{"url":"value","valueString":"true"}],"url":"http://hl7.org/fhir/tools/StructureDefinition/ig-parameter"},{"extension":[{"url":"code","valueString":"active-tables"},{"url":"value","valueString":"true"}],"url":"http://hl7.org/fhir/tools/StructureDefinition/ig-parameter"}],"grouping":[{"id":"-str-profile","name":"Structures: Resource Profiles","description":"These define constraints on FHIR resources for systems conforming to this implementation guide"},{"id":"-str-extension","name":"Structures: Extension Definitions","description":"These define constraints on FHIR data types for systems conforming to this implementation guide"},{"id":"-ex-example","name":"Example: Example Instances","description":"These are example instances that show what data produced and consumed by systems conforming with this implementation guide might look like"}],"resource":[{"extension":[{"url":"http://hl7.org/fhir/StructureDefinition/implementationguide-page","valueUri":"StructureDefinition-alr-Coverage.html"}],"reference":{"reference":"StructureDefinition/alr-Coverage"},"name":"ALR Coverage Profile","description":"ALR Coverage Profile Desc","exampleBoolean":false,"groupingId":"-str-profile"},{"extension":[{"url":"http://hl7.org/fhir/StructureDefinition/implementationguide-page","valueUri":"StructureDefinition-alr-covidEpisode.html"}],"reference":{"reference":"StructureDefinition/alr-covidEpisode"},"name":"ALR Covid Episode","description":"ALR Covid Episode Desc","exampleBoolean":false,"groupingId":"-str-profile"},{"extension":[{"url":"http://hl7.org/fhir/StructureDefinition/implementationguide-page","valueUri":"StructureDefinition-alr-Group.html"}],"reference":{"reference":"StructureDefinition/alr-Group"},"name":"ALR Group Profile","description":"ALR Group Profile Desc","exampleBoolean":false,"groupingId":"-str-profile"},{"extension":[{"url":"http://hl7.org/fhir/StructureDefinition/implementationguide-page","valueUri":"StructureDefinition-alr-HccRiskFlag.html"}],"reference":{"reference":"StructureDefinition/alr-HccRiskFlag"},"name":"ALR HCC Flag Profile","description":"ALR HCC Flag Profile Desc","exampleBoolean":false,"groupingId":"-str-profile"},{"extension":[{"url":"http://hl7.org/fhir/StructureDefinition/implementationguide-page","valueUri":"StructureDefinition-alr-Patient.html"}],"reference":{"reference":"StructureDefinition/alr-Patient"},"name":"ALR Patient Profile","description":"ALR Patient Profile Desc","exampleBoolean":false,"groupingId":"-str-profile"},{"extension":[{"url":"http://hl7.org/fhir/StructureDefinition/implementationguide-page","valueUri":"StructureDefinition-alr-RiskAssessment.html"}],"reference":{"reference":"StructureDefinition/alr-RiskAssessment"},"name":"ALR Risk Assessment Profile","description":"ALR Risk Assessment Profile Desc","exampleBoolean":false,"groupingId":"-str-profile"},{"extension":[{"url":"http://hl7.org/fhir/StructureDefinition/implementationguide-page","valueUri":"StructureDefinition-ext-changeReason.html"}],"reference":{"reference":"StructureDefinition/ext-changeReason"},"name":"ALR Change Reason","description":"ALR Change Reason Description","exampleBoolean":false,"groupingId":"-str-extension"},{"extension":[{"url":"http://hl7.org/fhir/StructureDefinition/implementationguide-page","valueUri":"StructureDefinition-ext-claimsBasedAssignmentFlag.html"}],"reference":{"reference":"StructureDefinition/ext-claimsBasedAssignmentFlag"},"name":"ALR Claims Based Assignment","description":"ALR Claims Based Assignment Desc","exampleBoolean":false,"groupingId":"-str-extension"},{"extension":[{"url":"http://hl7.org/fhir/StructureDefinition/implementationguide-page","valueUri":"StructureDefinition-ext-claimsBasedAssignmentStep.html"}],"reference":{"reference":"StructureDefinition/ext-claimsBasedAssignmentStep"},"name":"ALR Claims Based Assignment","description":"ALR Claims Based Assignment Desc","exampleBoolean":false,"groupingId":"-str-extension"},{"extension":[{"url":"http://hl7.org/fhir/StructureDefinition/implementationguide-page","valueUri":"StructureDefinition-ext-covidEpisode.html"}],"reference":{"reference":"StructureDefinition/ext-covidEpisode"},"name":"ALR Covid Episode","description":"ALR Covid Episode Desc","exampleBoolean":false,"groupingId":"-str-extension"},{"extension":[{"url":"http://hl7.org/fhir/StructureDefinition/implementationguide-page","valueUri":"StructureDefinition-ext-covidFlag.html"}],"reference":{"reference":"StructureDefinition/ext-covidFlag"},"name":"ALR Covid Flag","description":"ALR Covid Flag Desc","exampleBoolean":false,"groupingId":"-str-extension"},{"extension":[{"url":"http://hl7.org/fhir/StructureDefinition/implementationguide-page","valueUri":"StructureDefinition-ext-enrollmentFlag.html"}],"reference":{"reference":"StructureDefinition/ext-enrollmentFlag"},"name":"ALR Enrollment Flag","description":"ALR Enrollment Flag Desc","exampleBoolean":false,"groupingId":"-str-extension"},{"extension":[{"url":"http://hl7.org/fhir/StructureDefinition/implementationguide-page","valueUri":"StructureDefinition-ext-newlyAssignedBeneficiaryFlag.html"}],"reference":{"reference":"StructureDefinition/ext-newlyAssignedBeneficiaryFlag"},"name":"ALR Newly Assigned Beneficiary Flag","description":"ALR Newly Assigned Beneficiary Flag","exampleBoolean":false,"groupingId":"-str-extension"},{"extension":[{"url":"http://hl7.org/fhir/StructureDefinition/implementationguide-page","valueUri":"StructureDefinition-ext-partDMonths.html"}],"reference":{"reference":"StructureDefinition/ext-partDMonths"},"name":"ALR Part D Months","description":"ALR Part D Months","exampleBoolean":false,"groupingId":"-str-extension"},{"extension":[{"url":"http://hl7.org/fhir/StructureDefinition/implementationguide-page","valueUri":"StructureDefinition-ext-prevAssignedBeneficiaryFlag.html"}],"reference":{"reference":"StructureDefinition/ext-prevAssignedBeneficiaryFlag"},"name":"ALR Previously Assigned Beneficiary Flag","description":"ALR Previously Assigned Beneficiary Flag","exampleBoolean":false,"groupingId":"-str-extension"},{"extension":[{"url":"http://hl7.org/fhir/StructureDefinition/implementationguide-page","valueUri":"StructureDefinition-ext-serviceCount.html"}],"reference":{"reference":"StructureDefinition/ext-serviceCount"},"name":"ALR Service Count","description":"ALR Service Count Description","exampleBoolean":false,"groupingId":"-str-extension"},{"extension":[{"url":"http://hl7.org/fhir/StructureDefinition/implementationguide-page","valueUri":"StructureDefinition-ext-serviceCount2.html"}],"reference":{"reference":"StructureDefinition/ext-serviceCount2"},"name":"ALR Service Count 2","description":"ALR Service Count Description 2","exampleBoolean":false,"groupingId":"-str-extension"},{"extension":[{"url":"http://hl7.org/fhir/StructureDefinition/implementationguide-page","valueUri":"StructureDefinition-ext-serviceCountCCN.html"}],"reference":{"reference":"StructureDefinition/ext-serviceCountCCN"},"name":"Service Count by ACO Participant CCN level","description":"Assigned Beneficiaries and Number of Primary Care Services at the ACO Participant CCN Level","exampleBoolean":false,"groupingId":"-str-extension"},{"extension":[{"url":"http://hl7.org/fhir/StructureDefinition/implementationguide-page","valueUri":"StructureDefinition-ext-serviceCountTIN.html"}],"reference":{"reference":"StructureDefinition/ext-serviceCountTIN"},"name":"Service Count by ACO Participant TIN level","description":"Assigned Beneficiaries and Number of Primary Care Services at the ACO Participant TIN Level ","exampleBoolean":false,"groupingId":"-str-extension"},{"extension":[{"url":"http://hl7.org/fhir/StructureDefinition/implementationguide-page","valueUri":"StructureDefinition-ext-serviceCountTIN-NPI.html"}],"reference":{"reference":"StructureDefinition/ext-serviceCountTIN-NPI"},"name":"Top ACO Participant TIN-Individual NPI","description":"Top ACO Participant TIN-Individual NPI (by number of primary care services) for Assigned Beneficiaries","exampleBoolean":false,"groupingId":"-str-extension"},{"extension":[{"url":"http://hl7.org/fhir/StructureDefinition/implementationguide-page","valueUri":"StructureDefinition-ext-vaSelectionOnlyFlag.html"}],"reference":{"reference":"StructureDefinition/ext-vaSelectionOnlyFlag"},"name":"ALR Voluntary Alignment Selection Only","description":"ALR Voluntary Alignment Selection Only","exampleBoolean":false,"groupingId":"-str-extension"},{"extension":[{"url":"http://hl7.org/fhir/StructureDefinition/implementationguide-page","valueUri":"StructureDefinition-ext-voluntaryAlignmentFlag.html"}],"reference":{"reference":"StructureDefinition/ext-voluntaryAlignmentFlag"},"name":"ALR Voluntary Alignment","description":"ALR Voluntary Alignment Desc","exampleBoolean":false,"groupingId":"-str-extension"},{"extension":[{"url":"http://hl7.org/fhir/StructureDefinition/implementationguide-page","valueUri":"StructureDefinition-ext-voluntaryAlignmentProvider.html"}],"reference":{"reference":"StructureDefinition/ext-voluntaryAlignmentProvider"},"name":"ALR Voluntary Alignment Provider","description":"ALR Voluntary Alignment Provider","exampleBoolean":false,"groupingId":"-str-extension"},{"extension":[{"url":"http://hl7.org/fhir/StructureDefinition/implementationguide-page","valueUri":"Coverage-example-id-coverage.html"}],"reference":{"reference":"Coverage/example-id-coverage"},"name":"Coverage: General Example","exampleCanonical":"http://alr.cms.gov/ig/StructureDefinition/alr-Coverage","groupingId":"-ex-example"},{"extension":[{"url":"http://hl7.org/fhir/StructureDefinition/implementationguide-page","valueUri":"EpisodeOfCare-example-id-episode.html"}],"reference":{"reference":"EpisodeOfCare/example-id-episode"},"name":"Covid Episode: General Example","exampleCanonical":"http://alr.cms.gov/ig/StructureDefinition/alr-covidEpisode","groupingId":"-ex-example"},{"extension":[{"url":"http://hl7.org/fhir/StructureDefinition/implementationguide-page","valueUri":"Group-example-id-group.html"}],"reference":{"reference":"Group/example-id-group"},"name":"Group: General Example","exampleCanonical":"http://alr.cms.gov/ig/StructureDefinition/alr-Group","groupingId":"-ex-example"},{"extension":[{"url":"http://hl7.org/fhir/StructureDefinition/implementationguide-page","valueUri":"Observation-example-id-hcc-risk-flags.html"}],"reference":{"reference":"Observation/example-id-hcc-risk-flags"},"name":"HCC Risk Flags: General Example","exampleCanonical":"http://alr.cms.gov/ig/StructureDefinition/alr-HccRiskFlag","groupingId":"-ex-example"},{"extension":[{"url":"http://hl7.org/fhir/StructureDefinition/implementationguide-page","valueUri":"RiskAssessment-example-id-monthly-risk-score.html"}],"reference":{"reference":"RiskAssessment/example-id-monthly-risk-score"},"name":"Risk Score: CMS-HCC Monthly Risk Score","exampleCanonical":"http://alr.cms.gov/ig/StructureDefinition/alr-RiskAssessment","groupingId":"-ex-example"},{"extension":[{"url":"http://hl7.org/fhir/StructureDefinition/implementationguide-page","valueUri":"Patient-example-id-patient.html"}],"reference":{"reference":"Patient/example-id-patient"},"name":"Patient: General Example","exampleCanonical":"http://alr.cms.gov/ig/StructureDefinition/alr-Patient","groupingId":"-ex-example"},{"extension":[{"url":"http://hl7.org/fhir/StructureDefinition/implementationguide-page","valueUri":"RiskAssessment-example-id-risk-score-aged-dual.html"}],"reference":{"reference":"RiskAssessment/example-id-risk-score-aged-dual"},"name":"Risk Score: CMS-HCC Risk Score for Aged/Dual","exampleCanonical":"http://alr.cms.gov/ig/StructureDefinition/alr-RiskAssessment","groupingId":"-ex-example"},{"extension":[{"url":"http://hl7.org/fhir/StructureDefinition/implementationguide-page","valueUri":"RiskAssessment-example-id-risk-score-disabled.html"}],"reference":{"reference":"RiskAssessment/example-id-risk-score-disabled"},"name":"Risk Score: CMS-HCC Risk Score for Disabled","exampleCanonical":"http://alr.cms.gov/ig/StructureDefinition/alr-RiskAssessment","groupingId":"-ex-example"},{"extension":[{"url":"http://hl7.org/fhir/StructureDefinition/implementationguide-page","valueUri":"RiskAssessment-example-id-risk-score-esrd.html"}],"reference":{"reference":"RiskAssessment/example-id-risk-score-esrd"},"name":"Risk Score: CMS-HCC Risk Score for ESRD","exampleCanonical":"http://alr.cms.gov/ig/StructureDefinition/alr-RiskAssessment","groupingId":"-ex-example"}],"page":{"nameUrl":"toc.html","title":"Table of Contents","generation":"html","page":[{"nameUrl":"index.html","title":"Home","generation":"markdown"},{"nameUrl":"overview.html","title":"Overview","generation":"markdown"},{"nameUrl":"overview_old.html","title":"Overview Old","generation":"html"},{"nameUrl":"artifacts.html","title":"Artifacts Summary","generation":"html","page":[{"nameUrl":"StructureDefinition-alr-Coverage.html","title":"ALR Coverage Profile","generation":"generated"},{"nameUrl":"StructureDefinition-alr-covidEpisode.html","title":"ALR Covid Episode","generation":"generated"},{"nameUrl":"StructureDefinition-alr-Group.html","title":"ALR Group Profile","generation":"generated"},{"nameUrl":"StructureDefinition-alr-HccRiskFlag.html","title":"ALR HCC Flag Profile","generation":"generated"},{"nameUrl":"StructureDefinition-alr-Patient.html","title":"ALR Patient Profile","generation":"generated"},{"nameUrl":"StructureDefinition-alr-RiskAssessment.html","title":"ALR Risk Assessment Profile","generation":"generated"},{"nameUrl":"StructureDefinition-ext-changeReason.html","title":"ALR Change Reason","generation":"generated"},{"nameUrl":"StructureDefinition-ext-claimsBasedAssignmentFlag.html","title":"ALR Claims Based Assignment","generation":"generated"},{"nameUrl":"StructureDefinition-ext-claimsBasedAssignmentStep.html","title":"ALR Claims Based Assignment","generation":"generated"},{"nameUrl":"StructureDefinition-ext-covidEpisode.html","title":"ALR Covid Episode","generation":"generated"},{"nameUrl":"StructureDefinition-ext-covidFlag.html","title":"ALR Covid Flag","generation":"generated"},{"nameUrl":"StructureDefinition-ext-enrollmentFlag.html","title":"ALR Enrollment Flag","generation":"generated"},{"nameUrl":"StructureDefinition-ext-newlyAssignedBeneficiaryFlag.html","title":"ALR Newly Assigned Beneficiary Flag","generation":"generated"},{"nameUrl":"StructureDefinition-ext-partDMonths.html","title":"ALR Part D Months","generation":"generated"},{"nameUrl":"StructureDefinition-ext-prevAssignedBeneficiaryFlag.html","title":"ALR Previously Assigned Beneficiary Flag","generation":"generated"},{"nameUrl":"StructureDefinition-ext-serviceCount.html","title":"ALR Service Count","generation":"generated"},{"nameUrl":"StructureDefinition-ext-serviceCount2.html","title":"ALR Service Count 2","generation":"generated"},{"nameUrl":"StructureDefinition-ext-serviceCountCCN.html","title":"Service Count by ACO Participant CCN level","generation":"generated"},{"nameUrl":"StructureDefinition-ext-serviceCountTIN.html","title":"Service Count by ACO Participant TIN level","generation":"generated"},{"nameUrl":"StructureDefinition-ext-serviceCountTIN-NPI.html","title":"Top ACO Participant TIN-Individual NPI","generation":"generated"},{"nameUrl":"StructureDefinition-ext-vaSelectionOnlyFlag.html","title":"ALR Voluntary Alignment Selection Only","generation":"generated"},{"nameUrl":"StructureDefinition-ext-voluntaryAlignmentFlag.html","title":"ALR Voluntary Alignment","generation":"generated"},{"nameUrl":"StructureDefinition-ext-voluntaryAlignmentProvider.html","title":"ALR Voluntary Alignment Provider","generation":"generated"},{"nameUrl":"Coverage-example-id-coverage.html","title":"Coverage: General Example","generation":"generated"},{"nameUrl":"EpisodeOfCare-example-id-episode.html","title":"Covid Episode: General Example","generation":"generated"},{"nameUrl":"Group-example-id-group.html","title":"Group: General Example","generation":"generated"},{"nameUrl":"Observation-example-id-hcc-risk-flags.html","title":"HCC Risk Flags: General Example","generation":"generated"},{"nameUrl":"RiskAssessment-example-id-monthly-risk-score.html","title":"Risk Score: CMS-HCC Monthly Risk Score","generation":"generated"},{"nameUrl":"Patient-example-id-patient.html","title":"Patient: General Example","generation":"generated"},{"nameUrl":"RiskAssessment-example-id-risk-score-aged-dual.html","title":"Risk Score: CMS-HCC Risk Score for Aged/Dual","generation":"generated"},{"nameUrl":"RiskAssessment-example-id-risk-score-disabled.html","title":"Risk Score: CMS-HCC Risk Score for Disabled","generation":"generated"},{"nameUrl":"RiskAssessment-example-id-risk-score-esrd.html","title":"Risk Score: CMS-HCC Risk Score for ESRD","generation":"generated"}]}]},"parameter":[{"code":"path-resource","value":"input/capabilities"},{"code":"path-resource","value":"input/examples"},{"code":"path-resource","value":"input/extensions"},{"code":"path-resource","value":"input/models"},{"code":"path-resource","value":"input/operations"},{"code":"path-resource","value":"input/profiles"},{"code":"path-resource","value":"input/resources"},{"code":"path-resource","value":"input/vocabulary"},{"code":"path-resource","value":"input/maps"},{"code":"path-resource","value":"input/testing"},{"code":"path-resource","value":"input/history"},{"code":"path-resource","value":"fsh-generated/resources"},{"code":"path-pages","value":"template/config"},{"code":"path-pages","value":"input/images"},{"code":"path-tx-cache","value":"input-cache/txcache"}]}}