<?xml version="1.0" encoding="UTF-8"?><ImplementationGuide xmlns="http://hl7.org/fhir"><id value="cms.gov.us.alr"/><text><status value="extensions"/><div xmlns="http://www.w3.org/1999/xhtml"><h2>AssignmentListIG</h2><p>The official URL for this implementation guide is: </p><pre>http://alr.cms.gov/ig/ImplementationGuide/cms.gov.us.alr</pre><div><p>Implementation Guide for the FHIR version of the CMS Assignment List Report</p>
</div></div></text><url value="http://alr.cms.gov/ig/ImplementationGuide/cms.gov.us.alr"/><version value="0.0.1"/><name value="AssignmentListIG"/><title value="CMS Assignment List Report FHIR IG"/><status value="draft"/><date value="2021-08-27T08:39:43-06:00"/><description value="Implementation Guide for the FHIR version of the CMS Assignment List Report"/><packageId value="cms.gov.us.alr"/><license value="CC0-1.0"/><fhirVersion value="4.0.1"/><dependsOn id="hl7_fhir_us_core"><uri value="http://hl7.org/fhir/us/core/ImplementationGuide/hl7.fhir.us.core"/><packageId value="hl7.fhir.us.core"/><version value="3.1.1"/></dependsOn><dependsOn id="hl7_fhir_us_davinci_atr"><uri value="http://hl7.org/fhir/us/davinci-atr/ImplementationGuide/hl7.fhir.us.davinci-atr"/><packageId value="hl7.fhir.us.davinci-atr"/><version value="1.0.0"/></dependsOn><definition><extension url="http://hl7.org/fhir/tools/StructureDefinition/ig-parameter"><extension url="code"><valueString value="copyrightyear"/></extension><extension url="value"><valueString value="2021+"/></extension></extension><extension url="http://hl7.org/fhir/tools/StructureDefinition/ig-parameter"><extension url="code"><valueString value="releaselabel"/></extension><extension url="value"><valueString value="ci-build"/></extension></extension><extension url="http://hl7.org/fhir/tools/StructureDefinition/ig-parameter"><extension url="code"><valueString value="path-liquid"/></extension><extension url="value"><valueString value="template/liquid"/></extension></extension><extension url="http://hl7.org/fhir/tools/StructureDefinition/ig-parameter"><extension url="code"><valueString value="path-liquid"/></extension><extension url="value"><valueString value="input/liquid"/></extension></extension><extension url="http://hl7.org/fhir/tools/StructureDefinition/ig-parameter"><extension url="code"><valueString value="path-qa"/></extension><extension url="value"><valueString value="temp/qa"/></extension></extension><extension url="http://hl7.org/fhir/tools/StructureDefinition/ig-parameter"><extension url="code"><valueString value="path-temp"/></extension><extension url="value"><valueString value="temp/pages"/></extension></extension><extension url="http://hl7.org/fhir/tools/StructureDefinition/ig-parameter"><extension url="code"><valueString value="path-output"/></extension><extension url="value"><valueString value="output"/></extension></extension><extension url="http://hl7.org/fhir/tools/StructureDefinition/ig-parameter"><extension url="code"><valueString value="path-suppressed-warnings"/></extension><extension url="value"><valueString value="input/ignoreWarnings.txt"/></extension></extension><extension url="http://hl7.org/fhir/tools/StructureDefinition/ig-parameter"><extension url="code"><valueString value="path-history"/></extension><extension url="value"><valueString value="http://alr.cms.gov/ig/history.html"/></extension></extension><extension url="http://hl7.org/fhir/tools/StructureDefinition/ig-parameter"><extension url="code"><valueString value="template-html"/></extension><extension url="value"><valueString value="template-page.html"/></extension></extension><extension url="http://hl7.org/fhir/tools/StructureDefinition/ig-parameter"><extension url="code"><valueString value="template-md"/></extension><extension url="value"><valueString value="template-page-md.html"/></extension></extension><extension url="http://hl7.org/fhir/tools/StructureDefinition/ig-parameter"><extension url="code"><valueString value="apply-contact"/></extension><extension url="value"><valueString value="true"/></extension></extension><extension url="http://hl7.org/fhir/tools/StructureDefinition/ig-parameter"><extension url="code"><valueString value="apply-context"/></extension><extension url="value"><valueString value="true"/></extension></extension><extension url="http://hl7.org/fhir/tools/StructureDefinition/ig-parameter"><extension url="code"><valueString value="apply-copyright"/></extension><extension url="value"><valueString value="true"/></extension></extension><extension url="http://hl7.org/fhir/tools/StructureDefinition/ig-parameter"><extension url="code"><valueString value="apply-jurisdiction"/></extension><extension url="value"><valueString value="true"/></extension></extension><extension url="http://hl7.org/fhir/tools/StructureDefinition/ig-parameter"><extension url="code"><valueString value="apply-license"/></extension><extension url="value"><valueString value="true"/></extension></extension><extension url="http://hl7.org/fhir/tools/StructureDefinition/ig-parameter"><extension url="code"><valueString value="apply-publisher"/></extension><extension url="value"><valueString value="true"/></extension></extension><extension url="http://hl7.org/fhir/tools/StructureDefinition/ig-parameter"><extension url="code"><valueString value="apply-version"/></extension><extension url="value"><valueString value="true"/></extension></extension><extension url="http://hl7.org/fhir/tools/StructureDefinition/ig-parameter"><extension url="code"><valueString value="active-tables"/></extension><extension url="value"><valueString value="true"/></extension></extension><grouping id="-str-profile"><name value="Structures: Resource Profiles"/><description value="These define constraints on FHIR resources for systems conforming to this implementation guide"/></grouping><grouping id="-str-extension"><name value="Structures: Extension Definitions"/><description value="These define constraints on FHIR data types for systems conforming to this implementation guide"/></grouping><grouping id="-ex-example"><name value="Example: Example Instances"/><description value="These are example instances that show what data produced and consumed by systems conforming with this implementation guide might look like"/></grouping><resource><extension url="http://hl7.org/fhir/StructureDefinition/implementationguide-page"><valueUri value="StructureDefinition-alr-Coverage.html"/></extension><reference><reference value="StructureDefinition/alr-Coverage"/></reference><name value="ALR Coverage Profile"/><description value="ALR Coverage Profile Desc"/><exampleBoolean value="false"/><groupingId value="-str-profile"/></resource><resource><extension url="http://hl7.org/fhir/StructureDefinition/implementationguide-page"><valueUri value="StructureDefinition-alr-covidEpisode.html"/></extension><reference><reference value="StructureDefinition/alr-covidEpisode"/></reference><name value="ALR Covid Episode"/><description value="ALR Covid Episode Desc"/><exampleBoolean value="false"/><groupingId value="-str-profile"/></resource><resource><extension url="http://hl7.org/fhir/StructureDefinition/implementationguide-page"><valueUri value="StructureDefinition-alr-Group.html"/></extension><reference><reference value="StructureDefinition/alr-Group"/></reference><name value="ALR Group Profile"/><description value="ALR Group Profile Desc"/><exampleBoolean value="false"/><groupingId value="-str-profile"/></resource><resource><extension url="http://hl7.org/fhir/StructureDefinition/implementationguide-page"><valueUri value="StructureDefinition-alr-HccRiskFlag.html"/></extension><reference><reference value="StructureDefinition/alr-HccRiskFlag"/></reference><name value="ALR HCC Flag Profile"/><description value="ALR HCC Flag Profile Desc"/><exampleBoolean value="false"/><groupingId value="-str-profile"/></resource><resource><extension url="http://hl7.org/fhir/StructureDefinition/implementationguide-page"><valueUri value="StructureDefinition-alr-Patient.html"/></extension><reference><reference value="StructureDefinition/alr-Patient"/></reference><name value="ALR Patient Profile"/><description value="ALR Patient Profile Desc"/><exampleBoolean value="false"/><groupingId value="-str-profile"/></resource><resource><extension url="http://hl7.org/fhir/StructureDefinition/implementationguide-page"><valueUri value="StructureDefinition-alr-RiskAssessment.html"/></extension><reference><reference value="StructureDefinition/alr-RiskAssessment"/></reference><name value="ALR Risk Assessment Profile"/><description value="ALR Risk Assessment Profile Desc"/><exampleBoolean value="false"/><groupingId value="-str-profile"/></resource><resource><extension url="http://hl7.org/fhir/StructureDefinition/implementationguide-page"><valueUri value="StructureDefinition-ext-changeReason.html"/></extension><reference><reference value="StructureDefinition/ext-changeReason"/></reference><name value="ALR Change Reason"/><description value="ALR Change Reason Description"/><exampleBoolean value="false"/><groupingId value="-str-extension"/></resource><resource><extension url="http://hl7.org/fhir/StructureDefinition/implementationguide-page"><valueUri value="StructureDefinition-ext-claimsBasedAssignmentFlag.html"/></extension><reference><reference value="StructureDefinition/ext-claimsBasedAssignmentFlag"/></reference><name value="ALR Claims Based Assignment"/><description value="ALR Claims Based Assignment Desc"/><exampleBoolean value="false"/><groupingId value="-str-extension"/></resource><resource><extension url="http://hl7.org/fhir/StructureDefinition/implementationguide-page"><valueUri value="StructureDefinition-ext-claimsBasedAssignmentStep.html"/></extension><reference><reference value="StructureDefinition/ext-claimsBasedAssignmentStep"/></reference><name value="ALR Claims Based Assignment"/><description value="ALR Claims Based Assignment Desc"/><exampleBoolean value="false"/><groupingId value="-str-extension"/></resource><resource><extension url="http://hl7.org/fhir/StructureDefinition/implementationguide-page"><valueUri value="StructureDefinition-ext-covidEpisode.html"/></extension><reference><reference value="StructureDefinition/ext-covidEpisode"/></reference><name value="ALR Covid Episode"/><description value="ALR Covid Episode Desc"/><exampleBoolean value="false"/><groupingId value="-str-extension"/></resource><resource><extension url="http://hl7.org/fhir/StructureDefinition/implementationguide-page"><valueUri value="StructureDefinition-ext-covidFlag.html"/></extension><reference><reference value="StructureDefinition/ext-covidFlag"/></reference><name value="ALR Covid Flag"/><description value="ALR Covid Flag Desc"/><exampleBoolean value="false"/><groupingId value="-str-extension"/></resource><resource><extension url="http://hl7.org/fhir/StructureDefinition/implementationguide-page"><valueUri value="StructureDefinition-ext-enrollmentFlag.html"/></extension><reference><reference value="StructureDefinition/ext-enrollmentFlag"/></reference><name value="ALR Enrollment Flag"/><description value="ALR Enrollment Flag Desc"/><exampleBoolean value="false"/><groupingId value="-str-extension"/></resource><resource><extension url="http://hl7.org/fhir/StructureDefinition/implementationguide-page"><valueUri value="StructureDefinition-ext-newlyAssignedBeneficiaryFlag.html"/></extension><reference><reference value="StructureDefinition/ext-newlyAssignedBeneficiaryFlag"/></reference><name value="ALR Newly Assigned Beneficiary Flag"/><description value="ALR Newly Assigned Beneficiary Flag"/><exampleBoolean value="false"/><groupingId value="-str-extension"/></resource><resource><extension url="http://hl7.org/fhir/StructureDefinition/implementationguide-page"><valueUri value="StructureDefinition-ext-partDMonths.html"/></extension><reference><reference value="StructureDefinition/ext-partDMonths"/></reference><name value="ALR Part D Months"/><description value="ALR Part D Months"/><exampleBoolean value="false"/><groupingId value="-str-extension"/></resource><resource><extension url="http://hl7.org/fhir/StructureDefinition/implementationguide-page"><valueUri value="StructureDefinition-ext-prevAssignedBeneficiaryFlag.html"/></extension><reference><reference value="StructureDefinition/ext-prevAssignedBeneficiaryFlag"/></reference><name value="ALR Previously Assigned Beneficiary Flag"/><description value="ALR Previously Assigned Beneficiary Flag"/><exampleBoolean value="false"/><groupingId value="-str-extension"/></resource><resource><extension url="http://hl7.org/fhir/StructureDefinition/implementationguide-page"><valueUri value="StructureDefinition-ext-serviceCount.html"/></extension><reference><reference value="StructureDefinition/ext-serviceCount"/></reference><name value="ALR Service Count"/><description value="ALR Service Count Description"/><exampleBoolean value="false"/><groupingId value="-str-extension"/></resource><resource><extension url="http://hl7.org/fhir/StructureDefinition/implementationguide-page"><valueUri value="StructureDefinition-ext-serviceCount2.html"/></extension><reference><reference value="StructureDefinition/ext-serviceCount2"/></reference><name value="ALR Service Count 2"/><description value="ALR Service Count Description 2"/><exampleBoolean value="false"/><groupingId value="-str-extension"/></resource><resource><extension url="http://hl7.org/fhir/StructureDefinition/implementationguide-page"><valueUri value="StructureDefinition-ext-serviceCountCCN.html"/></extension><reference><reference value="StructureDefinition/ext-serviceCountCCN"/></reference><name value="Service Count by ACO Participant CCN level"/><description value="Assigned Beneficiaries and Number of Primary Care Services at the ACO Participant CCN Level"/><exampleBoolean value="false"/><groupingId value="-str-extension"/></resource><resource><extension url="http://hl7.org/fhir/StructureDefinition/implementationguide-page"><valueUri value="StructureDefinition-ext-serviceCountTIN.html"/></extension><reference><reference value="StructureDefinition/ext-serviceCountTIN"/></reference><name value="Service Count by ACO Participant TIN level"/><description value="Assigned Beneficiaries and Number of Primary Care Services at the ACO Participant TIN Level "/><exampleBoolean value="false"/><groupingId value="-str-extension"/></resource><resource><extension url="http://hl7.org/fhir/StructureDefinition/implementationguide-page"><valueUri value="StructureDefinition-ext-serviceCountTIN-NPI.html"/></extension><reference><reference value="StructureDefinition/ext-serviceCountTIN-NPI"/></reference><name value="Top ACO Participant TIN-Individual NPI"/><description value="Top ACO Participant TIN-Individual NPI (by number of primary care services) for Assigned Beneficiaries"/><exampleBoolean value="false"/><groupingId value="-str-extension"/></resource><resource><extension url="http://hl7.org/fhir/StructureDefinition/implementationguide-page"><valueUri value="StructureDefinition-ext-vaSelectionOnlyFlag.html"/></extension><reference><reference value="StructureDefinition/ext-vaSelectionOnlyFlag"/></reference><name value="ALR Voluntary Alignment Selection Only"/><description value="ALR Voluntary Alignment Selection Only"/><exampleBoolean value="false"/><groupingId value="-str-extension"/></resource><resource><extension url="http://hl7.org/fhir/StructureDefinition/implementationguide-page"><valueUri value="StructureDefinition-ext-voluntaryAlignmentFlag.html"/></extension><reference><reference value="StructureDefinition/ext-voluntaryAlignmentFlag"/></reference><name value="ALR Voluntary Alignment"/><description value="ALR Voluntary Alignment Desc"/><exampleBoolean value="false"/><groupingId value="-str-extension"/></resource><resource><extension url="http://hl7.org/fhir/StructureDefinition/implementationguide-page"><valueUri value="StructureDefinition-ext-voluntaryAlignmentProvider.html"/></extension><reference><reference value="StructureDefinition/ext-voluntaryAlignmentProvider"/></reference><name value="ALR Voluntary Alignment Provider"/><description value="ALR Voluntary Alignment Provider"/><exampleBoolean value="false"/><groupingId value="-str-extension"/></resource><resource><extension url="http://hl7.org/fhir/StructureDefinition/implementationguide-page"><valueUri value="Coverage-example-id-coverage.html"/></extension><reference><reference value="Coverage/example-id-coverage"/></reference><name value="Coverage: General Example"/><exampleCanonical value="http://alr.cms.gov/ig/StructureDefinition/alr-Coverage"/><groupingId value="-ex-example"/></resource><resource><extension url="http://hl7.org/fhir/StructureDefinition/implementationguide-page"><valueUri value="EpisodeOfCare-example-id-episode.html"/></extension><reference><reference value="EpisodeOfCare/example-id-episode"/></reference><name value="Covid Episode: General Example"/><exampleCanonical value="http://alr.cms.gov/ig/StructureDefinition/alr-covidEpisode"/><groupingId value="-ex-example"/></resource><resource><extension url="http://hl7.org/fhir/StructureDefinition/implementationguide-page"><valueUri value="Group-example-id-group.html"/></extension><reference><reference value="Group/example-id-group"/></reference><name value="Group: General Example"/><exampleCanonical value="http://alr.cms.gov/ig/StructureDefinition/alr-Group"/><groupingId value="-ex-example"/></resource><resource><extension url="http://hl7.org/fhir/StructureDefinition/implementationguide-page"><valueUri value="Observation-example-id-hcc-risk-flags.html"/></extension><reference><reference value="Observation/example-id-hcc-risk-flags"/></reference><name value="HCC Risk Flags: General Example"/><exampleCanonical value="http://alr.cms.gov/ig/StructureDefinition/alr-HccRiskFlag"/><groupingId value="-ex-example"/></resource><resource><extension url="http://hl7.org/fhir/StructureDefinition/implementationguide-page"><valueUri value="RiskAssessment-example-id-monthly-risk-score.html"/></extension><reference><reference value="RiskAssessment/example-id-monthly-risk-score"/></reference><name value="Risk Score: CMS-HCC Monthly Risk Score"/><exampleCanonical value="http://alr.cms.gov/ig/StructureDefinition/alr-RiskAssessment"/><groupingId value="-ex-example"/></resource><resource><extension url="http://hl7.org/fhir/StructureDefinition/implementationguide-page"><valueUri value="Patient-example-id-patient.html"/></extension><reference><reference value="Patient/example-id-patient"/></reference><name value="Patient: General Example"/><exampleCanonical value="http://alr.cms.gov/ig/StructureDefinition/alr-Patient"/><groupingId value="-ex-example"/></resource><resource><extension url="http://hl7.org/fhir/StructureDefinition/implementationguide-page"><valueUri value="RiskAssessment-example-id-risk-score-aged-dual.html"/></extension><reference><reference value="RiskAssessment/example-id-risk-score-aged-dual"/></reference><name value="Risk Score: CMS-HCC Risk Score for Aged/Dual"/><exampleCanonical value="http://alr.cms.gov/ig/StructureDefinition/alr-RiskAssessment"/><groupingId value="-ex-example"/></resource><resource><extension url="http://hl7.org/fhir/StructureDefinition/implementationguide-page"><valueUri value="RiskAssessment-example-id-risk-score-disabled.html"/></extension><reference><reference value="RiskAssessment/example-id-risk-score-disabled"/></reference><name value="Risk Score: CMS-HCC Risk Score for Disabled"/><exampleCanonical value="http://alr.cms.gov/ig/StructureDefinition/alr-RiskAssessment"/><groupingId value="-ex-example"/></resource><resource><extension url="http://hl7.org/fhir/StructureDefinition/implementationguide-page"><valueUri value="RiskAssessment-example-id-risk-score-esrd.html"/></extension><reference><reference value="RiskAssessment/example-id-risk-score-esrd"/></reference><name value="Risk Score: CMS-HCC Risk Score for ESRD"/><exampleCanonical value="http://alr.cms.gov/ig/StructureDefinition/alr-RiskAssessment"/><groupingId value="-ex-example"/></resource><page><nameUrl value="toc.html"/><title value="Table of Contents"/><generation value="html"/><page><nameUrl value="index.html"/><title value="Home"/><generation value="markdown"/></page><page><nameUrl value="overview.html"/><title value="Overview"/><generation value="markdown"/></page><page><nameUrl value="overview_old.html"/><title value="Overview Old"/><generation value="html"/></page><page><nameUrl value="artifacts.html"/><title value="Artifacts Summary"/><generation value="html"/><page><nameUrl value="StructureDefinition-alr-Coverage.html"/><title value="ALR Coverage Profile"/><generation value="generated"/></page><page><nameUrl value="StructureDefinition-alr-covidEpisode.html"/><title value="ALR Covid Episode"/><generation value="generated"/></page><page><nameUrl value="StructureDefinition-alr-Group.html"/><title value="ALR Group Profile"/><generation value="generated"/></page><page><nameUrl value="StructureDefinition-alr-HccRiskFlag.html"/><title value="ALR HCC Flag Profile"/><generation value="generated"/></page><page><nameUrl value="StructureDefinition-alr-Patient.html"/><title value="ALR Patient Profile"/><generation value="generated"/></page><page><nameUrl value="StructureDefinition-alr-RiskAssessment.html"/><title value="ALR Risk Assessment Profile"/><generation value="generated"/></page><page><nameUrl value="StructureDefinition-ext-changeReason.html"/><title value="ALR Change Reason"/><generation value="generated"/></page><page><nameUrl value="StructureDefinition-ext-claimsBasedAssignmentFlag.html"/><title value="ALR Claims Based Assignment"/><generation value="generated"/></page><page><nameUrl value="StructureDefinition-ext-claimsBasedAssignmentStep.html"/><title value="ALR Claims Based Assignment"/><generation value="generated"/></page><page><nameUrl value="StructureDefinition-ext-covidEpisode.html"/><title value="ALR Covid Episode"/><generation value="generated"/></page><page><nameUrl value="StructureDefinition-ext-covidFlag.html"/><title value="ALR Covid Flag"/><generation value="generated"/></page><page><nameUrl value="StructureDefinition-ext-enrollmentFlag.html"/><title value="ALR Enrollment Flag"/><generation value="generated"/></page><page><nameUrl value="StructureDefinition-ext-newlyAssignedBeneficiaryFlag.html"/><title value="ALR Newly Assigned Beneficiary Flag"/><generation value="generated"/></page><page><nameUrl value="StructureDefinition-ext-partDMonths.html"/><title value="ALR Part D Months"/><generation value="generated"/></page><page><nameUrl value="StructureDefinition-ext-prevAssignedBeneficiaryFlag.html"/><title value="ALR Previously Assigned Beneficiary Flag"/><generation value="generated"/></page><page><nameUrl value="StructureDefinition-ext-serviceCount.html"/><title value="ALR Service Count"/><generation value="generated"/></page><page><nameUrl value="StructureDefinition-ext-serviceCount2.html"/><title value="ALR Service Count 2"/><generation value="generated"/></page><page><nameUrl value="StructureDefinition-ext-serviceCountCCN.html"/><title value="Service Count by ACO Participant CCN level"/><generation value="generated"/></page><page><nameUrl value="StructureDefinition-ext-serviceCountTIN.html"/><title value="Service Count by ACO Participant TIN level"/><generation value="generated"/></page><page><nameUrl value="StructureDefinition-ext-serviceCountTIN-NPI.html"/><title value="Top ACO Participant TIN-Individual NPI"/><generation value="generated"/></page><page><nameUrl value="StructureDefinition-ext-vaSelectionOnlyFlag.html"/><title value="ALR Voluntary Alignment Selection Only"/><generation value="generated"/></page><page><nameUrl value="StructureDefinition-ext-voluntaryAlignmentFlag.html"/><title value="ALR Voluntary Alignment"/><generation value="generated"/></page><page><nameUrl value="StructureDefinition-ext-voluntaryAlignmentProvider.html"/><title value="ALR Voluntary Alignment Provider"/><generation value="generated"/></page><page><nameUrl value="Coverage-example-id-coverage.html"/><title value="Coverage: General Example"/><generation value="generated"/></page><page><nameUrl value="EpisodeOfCare-example-id-episode.html"/><title value="Covid Episode: General Example"/><generation value="generated"/></page><page><nameUrl value="Group-example-id-group.html"/><title value="Group: General Example"/><generation value="generated"/></page><page><nameUrl value="Observation-example-id-hcc-risk-flags.html"/><title value="HCC Risk Flags: General Example"/><generation value="generated"/></page><page><nameUrl value="RiskAssessment-example-id-monthly-risk-score.html"/><title value="Risk Score: CMS-HCC Monthly Risk Score"/><generation value="generated"/></page><page><nameUrl value="Patient-example-id-patient.html"/><title value="Patient: General Example"/><generation value="generated"/></page><page><nameUrl value="RiskAssessment-example-id-risk-score-aged-dual.html"/><title value="Risk Score: CMS-HCC Risk Score for Aged/Dual"/><generation value="generated"/></page><page><nameUrl value="RiskAssessment-example-id-risk-score-disabled.html"/><title value="Risk Score: CMS-HCC Risk Score for Disabled"/><generation value="generated"/></page><page><nameUrl value="RiskAssessment-example-id-risk-score-esrd.html"/><title value="Risk Score: CMS-HCC Risk Score for ESRD"/><generation value="generated"/></page></page></page><parameter><code value="path-resource"/><value value="input/capabilities"/></parameter><parameter><code value="path-resource"/><value value="input/examples"/></parameter><parameter><code value="path-resource"/><value value="input/extensions"/></parameter><parameter><code value="path-resource"/><value value="input/models"/></parameter><parameter><code value="path-resource"/><value value="input/operations"/></parameter><parameter><code value="path-resource"/><value value="input/profiles"/></parameter><parameter><code value="path-resource"/><value value="input/resources"/></parameter><parameter><code value="path-resource"/><value value="input/vocabulary"/></parameter><parameter><code value="path-resource"/><value value="input/maps"/></parameter><parameter><code value="path-resource"/><value value="input/testing"/></parameter><parameter><code value="path-resource"/><value value="input/history"/></parameter><parameter><code value="path-resource"/><value value="fsh-generated/resources"/></parameter><parameter><code value="path-pages"/><value value="template/config"/></parameter><parameter><code value="path-pages"/><value value="input/images"/></parameter><parameter><code value="path-tx-cache"/><value value="input-cache/txcache"/></parameter></definition></ImplementationGuide>