{
  "resourceType" : "ValueSet",
  "id" : "5f682b09-9b53-42b6-b462-95fa7db3df52-69",
  "url" : "http://hl7.org/fhir/comparison/ValueSet/5f682b09-9b53-42b6-b462-95fa7db3df52-69",
  "name" : "IntersectionUSCoreObservationSmokingStatusStatusAndObservationStatus",
  "title" : "Intersection of US Core Status for Smoking Status Observation And ObservationStatus",
  "status" : "active",
  "date" : "2021-12-10T11:55:54-07:00",
  "expansion" : {
    "contains" : [{
      "system" : "http://hl7.org/fhir/observation-status",
      "code" : "final",
      "display" : "Final"
    },
    {
      "system" : "http://hl7.org/fhir/observation-status",
      "code" : "entered-in-error",
      "display" : "Entered in Error"
    }]
  }
}