<?xml version="1.0" encoding="UTF-8"?>

<Coverage xmlns="http://hl7.org/fhir">
  <id value="example-id-coverage"/>
  <meta>
    <profile value="http://alr.cms.gov/ig/StructureDefinition/alr-Coverage"/>
  </meta>
  <text>
    <status value="extensions"/><div xmlns="http://www.w3.org/1999/xhtml"><p><b>Generated Narrative</b></p><blockquote><p><b>ALR Enrollment Period</b></p><h3>Urls</h3><table class="grid"><tr><td>-</td></tr><tr><td>*</td></tr></table><p><b>value</b>: 2020-01-01 --&gt; 2020-06-30</p><h3>Urls</h3><table class="grid"><tr><td>-</td></tr><tr><td>*</td></tr></table><p><b>value</b>: 2020-10-01 --&gt; 2020-12-31</p></blockquote><p><b>status</b>: active</p><p><b>subscriberId</b>: -19999000381</p><p><b>beneficiary</b>: <a href="Patient-example-id-patient.html">General example of coverage with gaps in enrollment periodGenerated Summary: id: example-ccw-id, id: 412be343c343343324f661527671abb5307d5e89031db9a9f, id: example-mbi-patient; John Doe ; gender: male; birthDate: 1957-01-17; deceased: 2020-03-18</a></p><p><b>period</b>: 2020-01-01 --&gt; 2020-12-31</p><p><b>payor</b>: <a href="Organization/123">Organization/123</a></p></div>
  </text>
  <extension url="http://alr.cms.gov/ig/StructureDefinition/ext-enrollmentPeriod">
    <extension url="period">
      <valuePeriod>
        <start value="2020-01-01"/>
        <end value="2020-06-30"/>
      </valuePeriod>
    </extension>
    <extension url="period">
      <valuePeriod>
        <start value="2020-10-01"/>
        <end value="2020-12-31"/>
      </valuePeriod>
    </extension>
  </extension>
  <status value="active"/>
  <subscriberId value="-19999000381"/>
  <beneficiary>
    <reference value="Patient/example-id-patient"/>
  </beneficiary>
  <period>
    <start value="2020-01-01"/>
    <end value="2020-12-31"/>
  </period>
  <payor>
    <reference value="Organization/123"/>
  </payor>
</Coverage>