<?xml version="1.0" encoding="UTF-8"?>

<Group xmlns="http://hl7.org/fhir">
  <id value="example-id-group"/>
  <meta>
    <lastUpdated value="2021-04-01T03:04:12.348-04:00"/>
    <profile value="http://alr.cms.gov/ig/StructureDefinition/alr-Group"/>
  </meta>
  <text>
    <status value="additional"/><div xmlns="http://www.w3.org/1999/xhtml"><p>General example of a Group resource</p></div>
  </text>
  <extension url="http://hl7.org/fhir/us/davinci-atr/StructureDefinition/ext-contractValidityPeriod">
    <valuePeriod>
      <start value="2020-04-01"/>
      <end value="2021-03-31"/>
    </valuePeriod>
  </extension>
  <active value="true"/>
  <type value="person"/>
  <actual value="true"/>
  <name value="General Example of ALR Group"/>
  <managingEntity>
    <reference value="Organization/123"/>
    <display value="Sample Organization"/>
  </managingEntity>
  <member>
    <extension url="http://hl7.org/fhir/us/davinci-atr/StructureDefinition/ext-changeType">
      <valueCode value="dropped"/>
    </extension>
    <extension url="http://hl7.org/fhir/us/davinci-atr/StructureDefinition/ext-coverageReference">
      <valueReference>
        <reference value="Coverage/example-id-coverage"/>
      </valueReference>
    </extension>
    <extension url="http://hl7.org/fhir/us/davinci-atr/StructureDefinition/ext-attributedProvider">
      <valueReference>
        <reference value="Practitioner/example-id-prac"/>
      </valueReference>
    </extension>
    <extension url="http://alr.cms.gov/ig/StructureDefinition/ext-changeReason">
      <extension url="reasonCode">
        <valueCoding>
          <system value="https://bluebutton.cms.gov/resources/variables/alr/changeReason"/>
          <code value="GHP_EXCLUDED"/>
          <display value="Beneficiary had at least one month of Part-A only or Part-B only coverage"/>
        </valueCoding>
      </extension>
      <extension url="reasonCode">
        <valueCoding>
          <system value="https://bluebutton.cms.gov/resources/variables/alr/changeReason"/>
          <code value="MISSING_ID_EXCLUDED"/>
          <display value="Beneficiary identifier is missing"/>
        </valueCoding>
      </extension>
    </extension>
    <extension url="http://alr.cms.gov/ig/StructureDefinition/ext-claimsBasedAssignmentFlag">
      <valueBoolean value="true"/>
    </extension>
    <extension url="http://alr.cms.gov/ig/StructureDefinition/ext-claimsBasedAssignmentStep">
      <valueInteger value="3"/>
    </extension>
    <extension url="http://alr.cms.gov/ig/StructureDefinition/ext-prevAssignedBeneficiaryFlag">
      <valueBoolean value="true"/>
    </extension>
    <extension url="http://alr.cms.gov/ig/StructureDefinition/ext-newlyAssignedBeneficiaryFlag">
      <valueBoolean value="false"/>
    </extension>
    <extension url="http://alr.cms.gov/ig/StructureDefinition/ext-voluntaryAlignmentFlag">
      <valueBoolean value="false"/>
    </extension>
    <entity>
      <reference value="Patient/example-id-patient"/>
    </entity>
  </member>
  <member>
    <extension url="http://hl7.org/fhir/us/davinci-atr/StructureDefinition/ext-changeType">
      <valueCode value="nochange"/>
    </extension>
    <extension url="http://hl7.org/fhir/us/davinci-atr/StructureDefinition/ext-coverageReference">
      <valueReference>
        <reference value="Coverage/example-id-coverage"/>
      </valueReference>
    </extension>
    <extension url="http://hl7.org/fhir/us/davinci-atr/StructureDefinition/ext-attributedProvider">
      <valueReference>
        <reference value="Practitioner/example-id-prac"/>
      </valueReference>
    </extension>
    <extension url="http://alr.cms.gov/ig/StructureDefinition/ext-claimsBasedAssignmentFlag">
      <valueBoolean value="false"/>
    </extension>
    <extension url="http://alr.cms.gov/ig/StructureDefinition/ext-claimsBasedAssignmentStep">
      <valueInteger value="2"/>
    </extension>
    <extension url="http://alr.cms.gov/ig/StructureDefinition/ext-prevAssignedBeneficiaryFlag">
      <valueBoolean value="false"/>
    </extension>
    <extension url="http://alr.cms.gov/ig/StructureDefinition/ext-newlyAssignedBeneficiaryFlag">
      <valueBoolean value="true"/>
    </extension>
    <extension url="http://alr.cms.gov/ig/StructureDefinition/ext-voluntaryAlignmentFlag">
      <valueBoolean value="true"/>
    </extension>
    <entity>
      <reference value="Patient/example-id-2-patient"/>
    </entity>
  </member>
  <member>
    <extension url="http://hl7.org/fhir/us/davinci-atr/StructureDefinition/ext-changeType">
      <valueCode value="new"/>
    </extension>
    <extension url="http://hl7.org/fhir/us/davinci-atr/StructureDefinition/ext-coverageReference">
      <valueReference>
        <reference value="Coverage/example-id-coverage"/>
      </valueReference>
    </extension>
    <extension url="http://hl7.org/fhir/us/davinci-atr/StructureDefinition/ext-attributedProvider">
      <valueReference>
        <reference value="Practitioner/example-id-prac"/>
      </valueReference>
    </extension>
    <extension url="http://alr.cms.gov/ig/StructureDefinition/ext-claimsBasedAssignmentFlag">
      <valueBoolean value="true"/>
    </extension>
    <extension url="http://alr.cms.gov/ig/StructureDefinition/ext-claimsBasedAssignmentStep">
      <valueInteger value="1"/>
    </extension>
    <extension url="http://alr.cms.gov/ig/StructureDefinition/ext-prevAssignedBeneficiaryFlag">
      <valueBoolean value="false"/>
    </extension>
    <extension url="http://alr.cms.gov/ig/StructureDefinition/ext-newlyAssignedBeneficiaryFlag">
      <valueBoolean value="true"/>
    </extension>
    <extension url="http://alr.cms.gov/ig/StructureDefinition/ext-voluntaryAlignmentFlag">
      <valueBoolean value="true"/>
    </extension>
    <entity>
      <reference value="Patient/example-id-3-patient"/>
    </entity>
  </member>
</Group>