<?xml version="1.0" encoding="UTF-8"?>

<RiskAssessment xmlns="http://hl7.org/fhir">
  <id value="example-id-monthly-risk-score"/>
  <meta>
    <profile value="http://alr.cms.gov/ig/StructureDefinition/alr-RiskAssessment"/>
  </meta>
  <text>
    <status value="generated"/><div xmlns="http://www.w3.org/1999/xhtml"><p><b>Generated Narrative</b></p><p><b>status</b>: final</p><p><b>code</b>: <span title="Codes: {https://bluebutton.cms.gov/resources/variables/alr/bene_rsk_r_scre BENE_RSK_R_SCRE}">CMS-HCC Monthly Risk Scores</span></p><p><b>subject</b>: <a href="Patient-example-id-patient.html">General example of coverage with gaps in enrollment periodGenerated Summary: id: example-ccw-id, id: 412be343c343343324f661527671abb5307d5e89031db9a9f, id: example-mbi-patient; John Doe ; gender: male; birthDate: 1957-01-17; deceased: 2020-03-18</a></p><p><b>basis</b>: <a href="Observation-example-id-hcc-risk-flags.html">Generated Summary: <span title="Codes: {https://bluebutton.cms.gov/resources/variables/alr/hcc-risk-flags hccRiskFlags}">HCC Risk Flags</span></a></p><blockquote><p><b>prediction</b></p><p><b>probability</b>: 0.083132</p><p><b>when</b>: 2020-01-01 --&gt; 2020-01-31</p></blockquote><blockquote><p><b>prediction</b></p><p><b>probability</b>: 1.061543</p><p><b>when</b>: 2020-02-01 --&gt; 2020-02-28</p></blockquote><blockquote><p><b>prediction</b></p><p><b>probability</b>: 0.077255</p><p><b>when</b>: 2020-03-01 --&gt; 2020-03-31</p></blockquote><blockquote><p><b>prediction</b></p><p><b>probability</b>: 0.077255</p><p><b>when</b>: 2020-04-01 --&gt; 2020-04-30</p></blockquote><blockquote><p><b>prediction</b></p><p><b>probability</b>: 0.077255</p><p><b>when</b>: 2020-05-01 --&gt; 2020-05-31</p></blockquote><blockquote><p><b>prediction</b></p><p><b>probability</b>: 0.077255</p><p><b>when</b>: 2020-06-01 --&gt; 2020-06-30</p></blockquote><blockquote><p><b>prediction</b></p><p><b>probability</b>: 0.067255</p><p><b>when</b>: 2020-07-01 --&gt; 2020-07-31</p></blockquote><blockquote><p><b>prediction</b></p><p><b>probability</b>: 0.037255</p><p><b>when</b>: 2020-08-01 --&gt; 2020-08-31</p></blockquote><blockquote><p><b>prediction</b></p><p><b>probability</b>: 0.0555255</p><p><b>when</b>: 2020-09-01 --&gt; 2020-09-30</p></blockquote><blockquote><p><b>prediction</b></p><p><b>probability</b>: 0.067255</p><p><b>when</b>: 2020-10-01 --&gt; 2020-10-31</p></blockquote><blockquote><p><b>prediction</b></p><p><b>probability</b>: 0.074455</p><p><b>when</b>: 2020-11-01 --&gt; 2020-11-30</p></blockquote><blockquote><p><b>prediction</b></p><p><b>probability</b>: 0.0733255</p><p><b>when</b>: 2020-12-01 --&gt; 2020-12-31</p></blockquote></div>
  </text>
  <status value="final"/>
  <code>
    <coding>
      <system value="https://bluebutton.cms.gov/resources/variables/alr/bene_rsk_r_scre"/>
      <code value="BENE_RSK_R_SCRE"/>
      <display value="CMS-HCC Monthly Risk Scores"/>
    </coding>
  </code>
  <subject>
    <reference value="Patient/example-id-patient"/>
  </subject>
  <basis>
    <reference value="Observation/example-id-hcc-risk-flags"/>
  </basis>
  <prediction>
    <probabilityDecimal value="0.083132"/>
    <whenPeriod>
      <start value="2020-01-01"/>
      <end value="2020-01-31"/>
    </whenPeriod>
  </prediction>
  <prediction>
    <probabilityDecimal value="1.061543"/>
    <whenPeriod>
      <start value="2020-02-01"/>
      <end value="2020-02-28"/>
    </whenPeriod>
  </prediction>
  <prediction>
    <probabilityDecimal value="0.077255"/>
    <whenPeriod>
      <start value="2020-03-01"/>
      <end value="2020-03-31"/>
    </whenPeriod>
  </prediction>
  <prediction>
    <probabilityDecimal value="0.077255"/>
    <whenPeriod>
      <start value="2020-04-01"/>
      <end value="2020-04-30"/>
    </whenPeriod>
  </prediction>
  <prediction>
    <probabilityDecimal value="0.077255"/>
    <whenPeriod>
      <start value="2020-05-01"/>
      <end value="2020-05-31"/>
    </whenPeriod>
  </prediction>
  <prediction>
    <probabilityDecimal value="0.077255"/>
    <whenPeriod>
      <start value="2020-06-01"/>
      <end value="2020-06-30"/>
    </whenPeriod>
  </prediction>
  <prediction>
    <probabilityDecimal value="0.067255"/>
    <whenPeriod>
      <start value="2020-07-01"/>
      <end value="2020-07-31"/>
    </whenPeriod>
  </prediction>
  <prediction>
    <probabilityDecimal value="0.037255"/>
    <whenPeriod>
      <start value="2020-08-01"/>
      <end value="2020-08-31"/>
    </whenPeriod>
  </prediction>
  <prediction>
    <probabilityDecimal value="0.0555255"/>
    <whenPeriod>
      <start value="2020-09-01"/>
      <end value="2020-09-30"/>
    </whenPeriod>
  </prediction>
  <prediction>
    <probabilityDecimal value="0.067255"/>
    <whenPeriod>
      <start value="2020-10-01"/>
      <end value="2020-10-31"/>
    </whenPeriod>
  </prediction>
  <prediction>
    <probabilityDecimal value="0.074455"/>
    <whenPeriod>
      <start value="2020-11-01"/>
      <end value="2020-11-30"/>
    </whenPeriod>
  </prediction>
  <prediction>
    <probabilityDecimal value="0.0733255"/>
    <whenPeriod>
      <start value="2020-12-01"/>
      <end value="2020-12-31"/>
    </whenPeriod>
  </prediction>
</RiskAssessment>