{
  "resourceType": "Coverage",
  "id": "example-id-coverage",
  "meta": {
    "profile": [
      "http://alr.cms.gov/ig/StructureDefinition/alr-Coverage"
    ]
  },
  "text": {
    "status": "additional",
    "div": "<div xmlns=\"http://www.w3.org/1999/xhtml\"><p>General example of a Coverage resource, with an extension for Enrollment periods (ALR enrollment flags)</p></div>"
  },
  "extension": [
    {
      "extension": [
        {
          "url": "period",
          "valuePeriod": {
            "start": "2020-01-01",
            "end": "2020-06-30"
          }
        },
        {
          "url": "period",
          "valuePeriod": {
            "start": "2020-10-01",
            "end": "2020-12-31"
          }
        }
      ],
      "url": "http://alr.cms.gov/ig/StructureDefinition/ext-enrollmentPeriod"
    }
  ],
  "status": "active",
  "subscriberId": "-19999000381",
  "beneficiary": {
    "reference": "Patient/example-id-patient"
  },
  "period": {
    "start": "2020-01-01",
    "end": "2020-12-31"
  },
  "payor": [
    {
      "reference": "Organization/123"
    }
  ]
}