<?xml version="1.0" encoding="UTF-8"?>

<EpisodeOfCare xmlns="http://hl7.org/fhir">
  <id value="example-id-episode"/>
  <meta>
    <profile value="http://alr.cms.gov/ig/StructureDefinition/alr-covidEpisode"/>
  </meta>
  <text>
    <status value="additional"/><div xmlns="http://www.w3.org/1999/xhtml"><p>General example of a Covid Episode</p></div>
  </text>
  <extension url="http://alr.cms.gov/ig/StructureDefinition/ext-covidEpisode">
    <valueInteger value="1"/>
  </extension>
  <extension url="http://alr.cms.gov/ig/StructureDefinition/ext-covidFlag">
    <extension url="monthNum">
      <valueInteger value="1"/>
    </extension>
    <extension url="flag">
      <valueInteger value="0"/>
    </extension>
  </extension>
  <extension url="http://alr.cms.gov/ig/StructureDefinition/ext-covidFlag">
    <extension url="monthNum">
      <valueInteger value="2"/>
    </extension>
    <extension url="flag">
      <valueInteger value="0"/>
    </extension>
  </extension>
  <extension url="http://alr.cms.gov/ig/StructureDefinition/ext-covidFlag">
    <extension url="monthNum">
      <valueInteger value="3"/>
    </extension>
    <extension url="flag">
      <valueInteger value="0"/>
    </extension>
  </extension>
  <extension url="http://alr.cms.gov/ig/StructureDefinition/ext-covidFlag">
    <extension url="monthNum">
      <valueInteger value="4"/>
    </extension>
    <extension url="flag">
      <valueInteger value="0"/>
    </extension>
  </extension>
  <extension url="http://alr.cms.gov/ig/StructureDefinition/ext-covidFlag">
    <extension url="monthNum">
      <valueInteger value="5"/>
    </extension>
    <extension url="flag">
      <valueInteger value="1"/>
    </extension>
  </extension>
  <extension url="http://alr.cms.gov/ig/StructureDefinition/ext-covidFlag">
    <extension url="monthNum">
      <valueInteger value="6"/>
    </extension>
    <extension url="flag">
      <valueInteger value="1"/>
    </extension>
  </extension>
  <status value="finished"/>
  <diagnosis>
    <condition>
      <identifier>
        <system value="http://hl7.org/fhir/sid/icd-10"/>
        <value value="U071"/>
      </identifier>
    </condition>
  </diagnosis>
  <patient>
    <reference value="patient/example-id-patient"/>
  </patient>
  <period>
    <start value="2020-05-10"/>
    <end value="2020-05-15"/>
  </period>
</EpisodeOfCare>