<?xml version="1.0" encoding="UTF-8"?>

<ImplementationGuide xmlns="http://hl7.org/fhir">
  <id value="hl7.fhir.us.cms-alr"/>
  <text>
    <status value="extensions"/><div xmlns="http://www.w3.org/1999/xhtml"><h2>AssignmentListIG</h2><p>The official URL for this implementation guide is: </p><pre>http://alr.cms.gov/ig/ImplementationGuide/hl7.fhir.us.cms-alr</pre><div><p>Implementation Guide for the FHIR version of the CMS Assignment List Report</p>
</div></div>
  </text>
  <url value="http://alr.cms.gov/ig/ImplementationGuide/hl7.fhir.us.cms-alr"/>
  <version value="0.0.1"/>
  <name value="AssignmentListIG"/>
  <title value="CMS Assignment List Report FHIR IG"/>
  <status value="draft"/>
  <date value="2021-12-10T11:55:44-07:00"/>
  <description value="Implementation Guide for the FHIR version of the CMS Assignment List Report"/>
  <packageId value="hl7.fhir.us.cms-alr"/>
  <license value="CC0-1.0"/>
  <fhirVersion value="4.0.1"/>
  <dependsOn id="hl7_fhir_us_core">
    <uri value="http://hl7.org/fhir/us/core/ImplementationGuide/hl7.fhir.us.core"/>
    <packageId value="hl7.fhir.us.core"/>
    <version value="3.1.1"/>
  </dependsOn>
  <dependsOn id="hl7_fhir_us_davinci_atr">
    <uri value="http://hl7.org/fhir/us/davinci-atr/ImplementationGuide/hl7.fhir.us.davinci-atr"/>
    <packageId value="hl7.fhir.us.davinci-atr"/>
    <version value="1.0.0"/>
  </dependsOn>
  <definition>
    <extension url="http://hl7.org/fhir/tools/StructureDefinition/ig-parameter">
      <extension url="code">
        <valueString value="copyrightyear"/>
      </extension>
      <extension url="value">
        <valueString value="2021+"/>
      </extension>
    </extension>
    <extension url="http://hl7.org/fhir/tools/StructureDefinition/ig-parameter">
      <extension url="code">
        <valueString value="releaselabel"/>
      </extension>
      <extension url="value">
        <valueString value="ci-build"/>
      </extension>
    </extension>
    <extension url="http://hl7.org/fhir/tools/StructureDefinition/ig-parameter">
      <extension url="code">
        <valueString value="path-liquid"/>
      </extension>
      <extension url="value">
        <valueString value="template/liquid"/>
      </extension>
    </extension>
    <extension url="http://hl7.org/fhir/tools/StructureDefinition/ig-parameter">
      <extension url="code">
        <valueString value="path-liquid"/>
      </extension>
      <extension url="value">
        <valueString value="input/liquid"/>
      </extension>
    </extension>
    <extension url="http://hl7.org/fhir/tools/StructureDefinition/ig-parameter">
      <extension url="code">
        <valueString value="path-qa"/>
      </extension>
      <extension url="value">
        <valueString value="temp/qa"/>
      </extension>
    </extension>
    <extension url="http://hl7.org/fhir/tools/StructureDefinition/ig-parameter">
      <extension url="code">
        <valueString value="path-temp"/>
      </extension>
      <extension url="value">
        <valueString value="temp/pages"/>
      </extension>
    </extension>
    <extension url="http://hl7.org/fhir/tools/StructureDefinition/ig-parameter">
      <extension url="code">
        <valueString value="path-output"/>
      </extension>
      <extension url="value">
        <valueString value="output"/>
      </extension>
    </extension>
    <extension url="http://hl7.org/fhir/tools/StructureDefinition/ig-parameter">
      <extension url="code">
        <valueString value="path-suppressed-warnings"/>
      </extension>
      <extension url="value">
        <valueString value="input/ignoreWarnings.txt"/>
      </extension>
    </extension>
    <extension url="http://hl7.org/fhir/tools/StructureDefinition/ig-parameter">
      <extension url="code">
        <valueString value="path-history"/>
      </extension>
      <extension url="value">
        <valueString value="http://alr.cms.gov/ig/history.html"/>
      </extension>
    </extension>
    <extension url="http://hl7.org/fhir/tools/StructureDefinition/ig-parameter">
      <extension url="code">
        <valueString value="template-html"/>
      </extension>
      <extension url="value">
        <valueString value="template-page.html"/>
      </extension>
    </extension>
    <extension url="http://hl7.org/fhir/tools/StructureDefinition/ig-parameter">
      <extension url="code">
        <valueString value="template-md"/>
      </extension>
      <extension url="value">
        <valueString value="template-page-md.html"/>
      </extension>
    </extension>
    <extension url="http://hl7.org/fhir/tools/StructureDefinition/ig-parameter">
      <extension url="code">
        <valueString value="apply-contact"/>
      </extension>
      <extension url="value">
        <valueString value="true"/>
      </extension>
    </extension>
    <extension url="http://hl7.org/fhir/tools/StructureDefinition/ig-parameter">
      <extension url="code">
        <valueString value="apply-context"/>
      </extension>
      <extension url="value">
        <valueString value="true"/>
      </extension>
    </extension>
    <extension url="http://hl7.org/fhir/tools/StructureDefinition/ig-parameter">
      <extension url="code">
        <valueString value="apply-copyright"/>
      </extension>
      <extension url="value">
        <valueString value="true"/>
      </extension>
    </extension>
    <extension url="http://hl7.org/fhir/tools/StructureDefinition/ig-parameter">
      <extension url="code">
        <valueString value="apply-jurisdiction"/>
      </extension>
      <extension url="value">
        <valueString value="true"/>
      </extension>
    </extension>
    <extension url="http://hl7.org/fhir/tools/StructureDefinition/ig-parameter">
      <extension url="code">
        <valueString value="apply-license"/>
      </extension>
      <extension url="value">
        <valueString value="true"/>
      </extension>
    </extension>
    <extension url="http://hl7.org/fhir/tools/StructureDefinition/ig-parameter">
      <extension url="code">
        <valueString value="apply-publisher"/>
      </extension>
      <extension url="value">
        <valueString value="true"/>
      </extension>
    </extension>
    <extension url="http://hl7.org/fhir/tools/StructureDefinition/ig-parameter">
      <extension url="code">
        <valueString value="apply-version"/>
      </extension>
      <extension url="value">
        <valueString value="true"/>
      </extension>
    </extension>
    <extension url="http://hl7.org/fhir/tools/StructureDefinition/ig-parameter">
      <extension url="code">
        <valueString value="active-tables"/>
      </extension>
      <extension url="value">
        <valueString value="true"/>
      </extension>
    </extension>
    <resource>
      <extension url="http://hl7.org/fhir/tools/StructureDefinition/resource-information">
        <valueString value="StructureDefinition:resource"/>
      </extension>
      <reference>
        <reference value="StructureDefinition/alr-Coverage"/>
      </reference>
      <name value="ALR Coverage Profile"/>
      <description value="ALR Coverage Profile Desc"/>
      <exampleBoolean value="false"/>
    </resource>
    <resource>
      <extension url="http://hl7.org/fhir/tools/StructureDefinition/resource-information">
        <valueString value="StructureDefinition:resource"/>
      </extension>
      <reference>
        <reference value="StructureDefinition/alr-covidEpisode"/>
      </reference>
      <name value="ALR Covid Episode"/>
      <description value="ALR Covid Episode Desc"/>
      <exampleBoolean value="false"/>
    </resource>
    <resource>
      <extension url="http://hl7.org/fhir/tools/StructureDefinition/resource-information">
        <valueString value="StructureDefinition:resource"/>
      </extension>
      <reference>
        <reference value="StructureDefinition/alr-Group"/>
      </reference>
      <name value="ALR Group Profile"/>
      <description value="ALR Group Profile Desc"/>
      <exampleBoolean value="false"/>
    </resource>
    <resource>
      <extension url="http://hl7.org/fhir/tools/StructureDefinition/resource-information">
        <valueString value="StructureDefinition:resource"/>
      </extension>
      <reference>
        <reference value="StructureDefinition/alr-HccRiskFlag"/>
      </reference>
      <name value="ALR HCC Flag Profile"/>
      <description value="ALR HCC Flag Profile Desc"/>
      <exampleBoolean value="false"/>
    </resource>
    <resource>
      <extension url="http://hl7.org/fhir/tools/StructureDefinition/resource-information">
        <valueString value="StructureDefinition:resource"/>
      </extension>
      <reference>
        <reference value="StructureDefinition/alr-Patient"/>
      </reference>
      <name value="ALR Patient Profile"/>
      <description value="ALR Patient Profile Desc"/>
      <exampleBoolean value="false"/>
    </resource>
    <resource>
      <extension url="http://hl7.org/fhir/tools/StructureDefinition/resource-information">
        <valueString value="StructureDefinition:resource"/>
      </extension>
      <reference>
        <reference value="StructureDefinition/alr-RiskAssessment"/>
      </reference>
      <name value="ALR Risk Assessment Profile"/>
      <description value="ALR Risk Assessment Profile Desc"/>
      <exampleBoolean value="false"/>
    </resource>
    <resource>
      <extension url="http://hl7.org/fhir/tools/StructureDefinition/resource-information">
        <valueString value="StructureDefinition:extension"/>
      </extension>
      <reference>
        <reference value="StructureDefinition/ext-changeReason"/>
      </reference>
      <name value="ALR Change Reason"/>
      <description value="ALR Change Reason Description"/>
      <exampleBoolean value="false"/>
    </resource>
    <resource>
      <extension url="http://hl7.org/fhir/tools/StructureDefinition/resource-information">
        <valueString value="StructureDefinition:extension"/>
      </extension>
      <reference>
        <reference value="StructureDefinition/ext-claimsBasedAssignmentFlag"/>
      </reference>
      <name value="ALR Claims Based Assignment"/>
      <description value="ALR Claims Based Assignment Desc"/>
      <exampleBoolean value="false"/>
    </resource>
    <resource>
      <extension url="http://hl7.org/fhir/tools/StructureDefinition/resource-information">
        <valueString value="StructureDefinition:extension"/>
      </extension>
      <reference>
        <reference value="StructureDefinition/ext-claimsBasedAssignmentStep"/>
      </reference>
      <name value="ALR Claims Based Assignment"/>
      <description value="ALR Claims Based Assignment Desc"/>
      <exampleBoolean value="false"/>
    </resource>
    <resource>
      <extension url="http://hl7.org/fhir/tools/StructureDefinition/resource-information">
        <valueString value="StructureDefinition:extension"/>
      </extension>
      <reference>
        <reference value="StructureDefinition/ext-covidEpisode"/>
      </reference>
      <name value="ALR Covid Episode"/>
      <description value="ALR Covid Episode Desc"/>
      <exampleBoolean value="false"/>
    </resource>
    <resource>
      <extension url="http://hl7.org/fhir/tools/StructureDefinition/resource-information">
        <valueString value="StructureDefinition:extension"/>
      </extension>
      <reference>
        <reference value="StructureDefinition/ext-covidFlag"/>
      </reference>
      <name value="ALR Covid Flag"/>
      <description value="ALR Covid Flag Desc"/>
      <exampleBoolean value="false"/>
    </resource>
    <resource>
      <extension url="http://hl7.org/fhir/tools/StructureDefinition/resource-information">
        <valueString value="StructureDefinition:extension"/>
      </extension>
      <reference>
        <reference value="StructureDefinition/ext-enrollmentFlag"/>
      </reference>
      <name value="ALR Enrollment Flag"/>
      <description value="ALR Enrollment Flag Desc"/>
      <exampleBoolean value="false"/>
    </resource>
    <resource>
      <extension url="http://hl7.org/fhir/tools/StructureDefinition/resource-information">
        <valueString value="StructureDefinition:extension"/>
      </extension>
      <reference>
        <reference value="StructureDefinition/ext-newlyAssignedBeneficiaryFlag"/>
      </reference>
      <name value="ALR Newly Assigned Beneficiary Flag"/>
      <description value="ALR Newly Assigned Beneficiary Flag"/>
      <exampleBoolean value="false"/>
    </resource>
    <resource>
      <extension url="http://hl7.org/fhir/tools/StructureDefinition/resource-information">
        <valueString value="StructureDefinition:extension"/>
      </extension>
      <reference>
        <reference value="StructureDefinition/ext-partDMonths"/>
      </reference>
      <name value="ALR Part D Months"/>
      <description value="ALR Part D Months"/>
      <exampleBoolean value="false"/>
    </resource>
    <resource>
      <extension url="http://hl7.org/fhir/tools/StructureDefinition/resource-information">
        <valueString value="StructureDefinition:extension"/>
      </extension>
      <reference>
        <reference value="StructureDefinition/ext-prevAssignedBeneficiaryFlag"/>
      </reference>
      <name value="ALR Previously Assigned Beneficiary Flag"/>
      <description value="ALR Previously Assigned Beneficiary Flag"/>
      <exampleBoolean value="false"/>
    </resource>
    <resource>
      <extension url="http://hl7.org/fhir/tools/StructureDefinition/resource-information">
        <valueString value="StructureDefinition:extension"/>
      </extension>
      <reference>
        <reference value="StructureDefinition/ext-serviceCount"/>
      </reference>
      <name value="ALR Service Count"/>
      <description value="ALR Service Count Description"/>
      <exampleBoolean value="false"/>
    </resource>
    <resource>
      <extension url="http://hl7.org/fhir/tools/StructureDefinition/resource-information">
        <valueString value="StructureDefinition:extension"/>
      </extension>
      <reference>
        <reference value="StructureDefinition/ext-serviceCount2"/>
      </reference>
      <name value="ALR Service Count 2"/>
      <description value="ALR Service Count Description 2"/>
      <exampleBoolean value="false"/>
    </resource>
    <resource>
      <extension url="http://hl7.org/fhir/tools/StructureDefinition/resource-information">
        <valueString value="StructureDefinition:extension"/>
      </extension>
      <reference>
        <reference value="StructureDefinition/ext-serviceCountCCN"/>
      </reference>
      <name value="Service Count by ACO Participant CCN level"/>
      <description value="Assigned Beneficiaries and Number of Primary Care Services at the ACO Participant CCN Level"/>
      <exampleBoolean value="false"/>
    </resource>
    <resource>
      <extension url="http://hl7.org/fhir/tools/StructureDefinition/resource-information">
        <valueString value="StructureDefinition:extension"/>
      </extension>
      <reference>
        <reference value="StructureDefinition/ext-serviceCountTIN"/>
      </reference>
      <name value="Service Count by ACO Participant TIN level"/>
      <description value="Assigned Beneficiaries and Number of Primary Care Services at the ACO Participant TIN Level "/>
      <exampleBoolean value="false"/>
    </resource>
    <resource>
      <extension url="http://hl7.org/fhir/tools/StructureDefinition/resource-information">
        <valueString value="StructureDefinition:extension"/>
      </extension>
      <reference>
        <reference value="StructureDefinition/ext-serviceCountTIN-NPI"/>
      </reference>
      <name value="Top ACO Participant TIN-Individual NPI"/>
      <description value="Top ACO Participant TIN-Individual NPI (by number of primary care services) for Assigned Beneficiaries"/>
      <exampleBoolean value="false"/>
    </resource>
    <resource>
      <extension url="http://hl7.org/fhir/tools/StructureDefinition/resource-information">
        <valueString value="StructureDefinition:extension"/>
      </extension>
      <reference>
        <reference value="StructureDefinition/ext-vaSelectionOnlyFlag"/>
      </reference>
      <name value="ALR Voluntary Alignment Selection Only"/>
      <description value="ALR Voluntary Alignment Selection Only"/>
      <exampleBoolean value="false"/>
    </resource>
    <resource>
      <extension url="http://hl7.org/fhir/tools/StructureDefinition/resource-information">
        <valueString value="StructureDefinition:extension"/>
      </extension>
      <reference>
        <reference value="StructureDefinition/ext-voluntaryAlignmentFlag"/>
      </reference>
      <name value="ALR Voluntary Alignment"/>
      <description value="ALR Voluntary Alignment Desc"/>
      <exampleBoolean value="false"/>
    </resource>
    <resource>
      <extension url="http://hl7.org/fhir/tools/StructureDefinition/resource-information">
        <valueString value="StructureDefinition:extension"/>
      </extension>
      <reference>
        <reference value="StructureDefinition/ext-voluntaryAlignmentProvider"/>
      </reference>
      <name value="ALR Voluntary Alignment Provider"/>
      <description value="ALR Voluntary Alignment Provider"/>
      <exampleBoolean value="false"/>
    </resource>
    <resource>
      <extension url="http://hl7.org/fhir/tools/StructureDefinition/resource-information">
        <valueString value="Coverage"/>
      </extension>
      <reference>
        <reference value="Coverage/example-id-coverage"/>
      </reference>
      <name value="Coverage: General Example"/>
      <exampleCanonical value="http://alr.cms.gov/ig/StructureDefinition/alr-Coverage"/>
    </resource>
    <resource>
      <extension url="http://hl7.org/fhir/tools/StructureDefinition/resource-information">
        <valueString value="EpisodeOfCare"/>
      </extension>
      <reference>
        <reference value="EpisodeOfCare/example-id-episode"/>
      </reference>
      <name value="Covid Episode: General Example"/>
      <exampleCanonical value="http://alr.cms.gov/ig/StructureDefinition/alr-covidEpisode"/>
    </resource>
    <resource>
      <extension url="http://hl7.org/fhir/tools/StructureDefinition/resource-information">
        <valueString value="Group"/>
      </extension>
      <reference>
        <reference value="Group/example-id-group"/>
      </reference>
      <name value="Group: General Example"/>
      <exampleCanonical value="http://alr.cms.gov/ig/StructureDefinition/alr-Group"/>
    </resource>
    <resource>
      <extension url="http://hl7.org/fhir/tools/StructureDefinition/resource-information">
        <valueString value="Observation"/>
      </extension>
      <reference>
        <reference value="Observation/example-id-hcc-risk-flags"/>
      </reference>
      <name value="HCC Risk Flags: General Example"/>
      <exampleCanonical value="http://alr.cms.gov/ig/StructureDefinition/alr-HccRiskFlag"/>
    </resource>
    <resource>
      <extension url="http://hl7.org/fhir/tools/StructureDefinition/resource-information">
        <valueString value="RiskAssessment"/>
      </extension>
      <reference>
        <reference value="RiskAssessment/example-id-monthly-risk-score"/>
      </reference>
      <name value="Risk Score: CMS-HCC Monthly Risk Score"/>
      <exampleCanonical value="http://alr.cms.gov/ig/StructureDefinition/alr-RiskAssessment"/>
    </resource>
    <resource>
      <extension url="http://hl7.org/fhir/tools/StructureDefinition/resource-information">
        <valueString value="Patient"/>
      </extension>
      <reference>
        <reference value="Patient/example-id-patient"/>
      </reference>
      <name value="Patient: General Example"/>
      <exampleCanonical value="http://alr.cms.gov/ig/StructureDefinition/alr-Patient"/>
    </resource>
    <resource>
      <extension url="http://hl7.org/fhir/tools/StructureDefinition/resource-information">
        <valueString value="RiskAssessment"/>
      </extension>
      <reference>
        <reference value="RiskAssessment/example-id-risk-score-aged-dual"/>
      </reference>
      <name value="Risk Score: CMS-HCC Risk Score for Aged/Dual"/>
      <exampleCanonical value="http://alr.cms.gov/ig/StructureDefinition/alr-RiskAssessment"/>
    </resource>
    <resource>
      <extension url="http://hl7.org/fhir/tools/StructureDefinition/resource-information">
        <valueString value="RiskAssessment"/>
      </extension>
      <reference>
        <reference value="RiskAssessment/example-id-risk-score-disabled"/>
      </reference>
      <name value="Risk Score: CMS-HCC Risk Score for Disabled"/>
      <exampleCanonical value="http://alr.cms.gov/ig/StructureDefinition/alr-RiskAssessment"/>
    </resource>
    <resource>
      <extension url="http://hl7.org/fhir/tools/StructureDefinition/resource-information">
        <valueString value="RiskAssessment"/>
      </extension>
      <reference>
        <reference value="RiskAssessment/example-id-risk-score-esrd"/>
      </reference>
      <name value="Risk Score: CMS-HCC Risk Score for ESRD"/>
      <exampleCanonical value="http://alr.cms.gov/ig/StructureDefinition/alr-RiskAssessment"/>
    </resource>
    <page>
      <nameUrl value="toc.html"/>
      <title value="Table of Contents"/>
      <generation value="html"/>
      <page>
        <nameUrl value="index.html"/>
        <title value="Home"/>
        <generation value="markdown"/>
      </page>
      <page>
        <nameUrl value="overview.html"/>
        <title value="Overview"/>
        <generation value="markdown"/>
      </page>
      <page>
        <nameUrl value="overview_old.html"/>
        <title value="Overview Old"/>
        <generation value="html"/>
      </page>
    </page>
    <parameter>
      <code value="path-resource"/>
      <value value="input/capabilities"/>
    </parameter>
    <parameter>
      <code value="path-resource"/>
      <value value="input/examples"/>
    </parameter>
    <parameter>
      <code value="path-resource"/>
      <value value="input/extensions"/>
    </parameter>
    <parameter>
      <code value="path-resource"/>
      <value value="input/models"/>
    </parameter>
    <parameter>
      <code value="path-resource"/>
      <value value="input/operations"/>
    </parameter>
    <parameter>
      <code value="path-resource"/>
      <value value="input/profiles"/>
    </parameter>
    <parameter>
      <code value="path-resource"/>
      <value value="input/resources"/>
    </parameter>
    <parameter>
      <code value="path-resource"/>
      <value value="input/vocabulary"/>
    </parameter>
    <parameter>
      <code value="path-resource"/>
      <value value="input/maps"/>
    </parameter>
    <parameter>
      <code value="path-resource"/>
      <value value="input/testing"/>
    </parameter>
    <parameter>
      <code value="path-resource"/>
      <value value="input/history"/>
    </parameter>
    <parameter>
      <code value="path-resource"/>
      <value value="fsh-generated/resources"/>
    </parameter>
    <parameter>
      <code value="path-pages"/>
      <value value="template/config"/>
    </parameter>
    <parameter>
      <code value="path-pages"/>
      <value value="input/images"/>
    </parameter>
    <parameter>
      <code value="path-tx-cache"/>
      <value value="input-cache/txcache"/>
    </parameter>
  </definition>
</ImplementationGuide>