<?xml version="1.0" encoding="UTF-8"?>

<Observation xmlns="http://hl7.org/fhir">
  <id value="example-id-hcc-risk-flags"/>
  <meta>
    <profile value="http://alr.cms.gov/ig/StructureDefinition/alr-HccRiskFlag"/>
  </meta>
  <text>
    <status value="generated"/><div xmlns="http://www.w3.org/1999/xhtml"><p><b>Generated Narrative</b></p><p></p><p><b>code</b>: <span title="Codes: {https://bluebutton.cms.gov/resources/variables/alr/hcc-risk-flags hccRiskFlags}">HCC Risk Flags</span></p><p><b>subject</b>: <span></span></p><blockquote><p><b>component</b></p><p><b>code</b>: <span title="Codes: {https://bluebutton.cms.gov/resources/variables/alr/hcc-risk-flags HCC1}">HIV/AIDS</span></p><p><b>value</b>: 0</p></blockquote><blockquote><p><b>component</b></p><p><b>code</b>: <span title="Codes: {https://bluebutton.cms.gov/resources/variables/alr/hcc-risk-flags HCC2}">Septicemia/Shock</span></p><p><b>value</b>: 1</p></blockquote><blockquote><p><b>component</b></p><p><b>code</b>: <span title="Codes: {https://bluebutton.cms.gov/resources/variables/alr/hcc-risk-flags HCC5}">Opportunistic Infections</span></p><p><b>value</b>: N/A</p></blockquote><blockquote><p><b>component</b></p><p><b>code</b>: <span title="Codes: {https://bluebutton.cms.gov/resources/variables/alr/hcc-risk-flags HCC7}">Metastatic Cancer and Acute Leukemia</span></p><p><b>value</b>: N/A</p></blockquote></div>
  </text>
  <status value="final"/>
  <code>
    <coding>
      <system value="https://bluebutton.cms.gov/resources/variables/alr/hcc-risk-flags"/>
      <version value="V12"/>
      <code value="hccRiskFlags"/>
    </coding>
    <text value="HCC Risk Flags"/>
  </code>
  <subject>
    <identifier>
      <system value="https://bluebutton.cms.gov/resources/variables/bene_id"/>
      <value value="19990000000140"/>
    </identifier>
  </subject>
  <component>
    <code>
      <coding>
        <system value="https://bluebutton.cms.gov/resources/variables/alr/hcc-risk-flags"/>
        <version value="V12"/>
        <code value="HCC1"/>
        <display value="HIV/AIDS"/>
      </coding>
    </code>
    <valueString value="0"/>
  </component>
  <component>
    <code>
      <coding>
        <system value="https://bluebutton.cms.gov/resources/variables/alr/hcc-risk-flags"/>
        <version value="V12"/>
        <code value="HCC2"/>
        <display value="Septicemia/Shock"/>
      </coding>
    </code>
    <valueString value="1"/>
  </component>
  <component>
    <code>
      <coding>
        <system value="https://bluebutton.cms.gov/resources/variables/alr/hcc-risk-flags"/>
        <version value="V12"/>
        <code value="HCC5"/>
        <display value="Opportunistic Infections"/>
      </coding>
    </code>
    <valueString value="N/A"/>
  </component>
  <component>
    <code>
      <coding>
        <system value="https://bluebutton.cms.gov/resources/variables/alr/hcc-risk-flags"/>
        <version value="V12"/>
        <code value="HCC7"/>
        <display value="Metastatic Cancer and Acute Leukemia"/>
      </coding>
    </code>
    <valueString value="N/A"/>
  </component>
</Observation>