<?xml version="1.0" encoding="UTF-8"?>

<Observation xmlns="http://hl7.org/fhir">
  <id value="example-id-hcc-risk-flags"/>
  <meta>
    <profile value="http://alr.cms.gov/ig/StructureDefinition/alr-HccRiskFlag"/>
  </meta>
  <text>
    <status value="additional"/><div xmlns="http://www.w3.org/1999/xhtml"><p>General example of HCC Risk flags, using the Observation resource</p></div>
  </text>
  <status value="final"/>
  <code>
    <coding>
      <system value="https://bluebutton.cms.gov/resources/variables/alr/hcc-risk-flags"/>
      <version value="V12"/>
      <code value="hccRiskFlags"/>
    </coding>
    <text value="HCC Risk Flags"/>
  </code>
  <subject>
    <identifier>
      <system value="https://bluebutton.cms.gov/resources/variables/bene_id"/>
      <value value="19990000000140"/>
    </identifier>
  </subject>
  <component>
    <code>
      <coding>
        <system value="https://bluebutton.cms.gov/resources/variables/alr/hcc-risk-flags"/>
        <version value="V12"/>
        <code value="HCC1"/>
        <display value="HIV/AIDS"/>
      </coding>
    </code>
    <valueString value="0"/>
  </component>
  <component>
    <code>
      <coding>
        <system value="https://bluebutton.cms.gov/resources/variables/alr/hcc-risk-flags"/>
        <version value="V12"/>
        <code value="HCC2"/>
        <display value="Septicemia/Shock"/>
      </coding>
    </code>
    <valueString value="1"/>
  </component>
  <component>
    <code>
      <coding>
        <system value="https://bluebutton.cms.gov/resources/variables/alr/hcc-risk-flags"/>
        <version value="V12"/>
        <code value="HCC5"/>
        <display value="Opportunistic Infections"/>
      </coding>
    </code>
    <valueString value="N/A"/>
  </component>
  <component>
    <code>
      <coding>
        <system value="https://bluebutton.cms.gov/resources/variables/alr/hcc-risk-flags"/>
        <version value="V12"/>
        <code value="HCC7"/>
        <display value="Metastatic Cancer and Acute Leukemia"/>
      </coding>
    </code>
    <valueString value="N/A"/>
  </component>
</Observation>