<?xml version="1.0" encoding="UTF-8"?>

<Patient xmlns="http://hl7.org/fhir">
  <id value="example-id-patient"/>
  <meta>
    <profile value="http://alr.cms.gov/ig/StructureDefinition/alr-Patient"/>
  </meta>
  <text>
    <status value="additional"/><div xmlns="http://www.w3.org/1999/xhtml"><p>General example of coverage with gaps in enrollment period</p></div>
  </text>
  <identifier>
    <system value="https://bluebutton.cms.gov/resources/variables/bene_id"/>
    <value value="example-ccw-id"/>
  </identifier>
  <identifier>
    <system value="https://bluebutton.cms.gov/resources/identifier/mbi-hash"/>
    <value value="412be343c343343324f661527671abb5307d5e89031db9a9f"/>
  </identifier>
  <identifier>
    <system value="http://hl7.org/fhir/sid/us-mbi"/>
    <value value="example-mbi-patient"/>
  </identifier>
  <name>
    <family value="Doe"/>
    <given value="John"/>
  </name>
  <gender value="male"/>
  <birthDate value="1957-01-17"/>
  <deceasedDateTime value="2020-03-18"/>
  <address>
    <line value="1000 Main Street"/>
    <line value="Apt #2"/>
    <city value="Anytown"/>
    <district value="SL County"/>
    <state value="UT"/>
  </address>
</Patient>