<?xml version="1.0" encoding="UTF-8"?>

<Patient xmlns="http://hl7.org/fhir">
  <id value="example-id-patient"/>
  <meta>
    <profile value="http://alr.cms.gov/ig/StructureDefinition/alr-Patient"/>
  </meta>
  <text>
    <status value="additional"/><div xmlns="http://www.w3.org/1999/xhtml"><p>General example of a patient, including extensions for the service counts found in the ALR data dictionary: table 1-2, 1-3 and 1-4</p></div>
  </text>
  <extension url="http://alr.cms.gov/ig/StructureDefinition/ext-serviceCountTIN">
    <extension url="participant">
      <valueIdentifier>
        <type>
          <coding>
            <system value="http://terminology.hl7.org/CodeSystem/v2-0203"/>
            <code value="TAX"/>
            <display value="Tax ID number"/>
          </coding>
        </type>
        <value value="example-TIN"/>
      </valueIdentifier>
    </extension>
    <extension url="serviceCount">
      <valueInteger value="5"/>
    </extension>
  </extension>
  <extension url="http://alr.cms.gov/ig/StructureDefinition/ext-serviceCountTIN">
    <extension url="participant">
      <valueIdentifier>
        <type>
          <coding>
            <system value="http://terminology.hl7.org/CodeSystem/v2-0203"/>
            <code value="TAX"/>
            <display value="Tax ID number"/>
          </coding>
        </type>
        <value value="example-TIN-2"/>
      </valueIdentifier>
    </extension>
    <extension url="serviceCount">
      <valueInteger value="3"/>
    </extension>
  </extension>
  <extension url="http://alr.cms.gov/ig/StructureDefinition/ext-serviceCountCCN">
    <extension url="participant">
      <valueIdentifier>
        <type>
          <coding>
            <system value="https://bluebutton.cms.gov/resources/variables/prvdr_num"/>
            <code value="CCN"/>
            <display value="CCN number"/>
          </coding>
        </type>
        <value value="example-CCN"/>
      </valueIdentifier>
    </extension>
    <extension url="serviceCount">
      <valueInteger value="15"/>
    </extension>
  </extension>
  <extension url="http://alr.cms.gov/ig/StructureDefinition/ext-serviceCountTIN-NPI">
    <extension url="participant">
      <valueIdentifier>
        <type>
          <coding>
            <system value="http://terminology.hl7.org/CodeSystem/v2-0203"/>
            <code value="TAX"/>
            <display value="Tax ID number"/>
          </coding>
        </type>
        <value value="example-TIN"/>
      </valueIdentifier>
    </extension>
    <extension url="participant">
      <valueIdentifier>
        <type>
          <coding>
            <system value="http://hl7.org/fhir/sid/us-npi"/>
            <code value="NPI"/>
            <display value="NPI number"/>
          </coding>
        </type>
        <value value="example-NPI"/>
      </valueIdentifier>
    </extension>
    <extension url="serviceCount">
      <valueInteger value="7"/>
    </extension>
  </extension>
  <identifier>
    <system value="https://bluebutton.cms.gov/resources/variables/bene_id"/>
    <value value="example-ccw-id"/>
  </identifier>
  <identifier>
    <system value="https://bluebutton.cms.gov/resources/identifier/mbi-hash"/>
    <value value="412be343c343343324f661527671abb5307d5e89031db9a9f"/>
  </identifier>
  <identifier>
    <system value="http://hl7.org/fhir/sid/us-mbi"/>
    <value value="example-mbi-patient"/>
  </identifier>
  <name>
    <family value="Doe"/>
    <given value="John"/>
  </name>
  <gender value="male"/>
  <birthDate value="1957-01-17"/>
  <deceasedDateTime value="2020-03-18"/>
  <address>
    <line value="1000 Main Street"/>
    <line value="Apt #2"/>
    <city value="Anytown"/>
    <district value="SL County"/>
    <state value="UT"/>
  </address>
</Patient>