<?xml version="1.0" encoding="UTF-8"?>

<RiskAssessment xmlns="http://hl7.org/fhir">
  <id value="example-id-risk-score-disabled"/>
  <meta>
    <profile value="http://alr.cms.gov/ig/StructureDefinition/alr-RiskAssessment"/>
  </meta>
  <text>
    <status value="generated"/><div xmlns="http://www.w3.org/1999/xhtml"><p><b>Generated Narrative</b></p><div style="display: inline-block; background-color: #d9e0e7; padding: 6px; margin: 4px; border: 1px solid #8da1b4; border-radius: 5px; line-height: 60%"><p style="margin-bottom: 0px">Resource "example-id-risk-score-disabled" </p><p style="margin-bottom: 0px">Profile: <a href="StructureDefinition-alr-RiskAssessment.html">ALR Risk Assessment Profile</a></p></div><p><b>status</b>: final</p><p><b>code</b>: CMS-HCC Risk Score for disabled <span style="background: LightGoldenRodYellow; margin: 4px; border: 1px solid khaki"> (disabled-score#DISABLED_SCORE)</span></p><p><b>subject</b>: <a href="Patient-example-id-patient.html">Patient/example-id-patient</a> " DOE"</p><p><b>basis</b>: <a href="Observation-example-id-hcc-risk-flags.html">Observation/example-id-hcc-risk-flags</a></p><h3>Predictions</h3><table class="grid"><tr><td>-</td><td><b>Probability[x]</b></td><td><b>When[x]</b></td></tr><tr><td>*</td><td>0.083132</td><td>2020-01-01 --&gt; 2020-12-31</td></tr></table></div>
  </text>
  <status value="final"/>
  <code>
    <coding>
      <system value="https://bluebutton.cms.gov/resources/variables/alr/disabled-score"/>
      <code value="DISABLED_SCORE"/>
      <display value="CMS-HCC Risk Score for disabled"/>
    </coding>
  </code>
  <subject>
    <reference value="Patient/example-id-patient"/>
  </subject>
  <basis>
    <reference value="Observation/example-id-hcc-risk-flags"/>
  </basis>
  <prediction>
    <probabilityDecimal value="0.083132"/>
    <whenPeriod>
      <start value="2020-01-01"/>
      <end value="2020-12-31"/>
    </whenPeriod>
  </prediction>
</RiskAssessment>