{
  "resourceType": "RiskAssessment",
  "id": "example-id-risk-score-esrd",
  "meta": {
    "profile": [
      "http://alr.cms.gov/ig/StructureDefinition/alr-RiskAssessment"
    ]
  },
  "text": {
    "status": "generated",
    "div": "<div xmlns=\"http://www.w3.org/1999/xhtml\"><p><b>Generated Narrative</b></p><p><b>status</b>: final</p><p><b>code</b>: <span title=\"Codes: {https://bluebutton.cms.gov/resources/variables/alr/esrd-score ESRD_SCORE}\">CMS-HCC Risk Score for ESRD</span></p><p><b>subject</b>: <a href=\"Patient-example-id-patient.html\">General example of a patient, including extensions for the service counts found in the ALR data dictionary: table 1-2, 1-3 and 1-4Generated Summary: id: example-ccw-id, id: 412be343c343343324f661527671abb5307d5e89031db9a9f, id: example-mbi-patient; John Doe ; gender: male; birthDate: 1957-01-17; deceased: 2020-03-18</a></p><p><b>basis</b>: <a href=\"Observation-example-id-hcc-risk-flags.html\">General example of HCC Risk flags, using the Observation resourceGenerated Summary: <span title=\"Codes: {https://bluebutton.cms.gov/resources/variables/alr/hcc-risk-flags hccRiskFlags}\">HCC Risk Flags</span></a></p><h3>Predictions</h3><table class=\"grid\"><tr><td>-</td><td><b>Probability[x]</b></td><td><b>When[x]</b></td></tr><tr><td>*</td><td>0.083132</td><td>2020-01-01 --&gt; 2020-12-31</td></tr></table></div>"
  },
  "status": "final",
  "code": {
    "coding": [
      {
        "system": "https://bluebutton.cms.gov/resources/variables/alr/esrd-score",
        "code": "ESRD_SCORE",
        "display": "CMS-HCC Risk Score for ESRD"
      }
    ]
  },
  "subject": {
    "reference": "Patient/example-id-patient"
  },
  "basis": [
    {
      "reference": "Observation/example-id-hcc-risk-flags"
    }
  ],
  "prediction": [
    {
      "probabilityDecimal": 0.083132,
      "whenPeriod": {
        "start": "2020-01-01",
        "end": "2020-12-31"
      }
    }
  ]
}