{
  "package": "cms.gov.us.alr",
  "version": "0.0.1",
  "fhirVersion": "4.0.1",
  "extensions": [
    {
      "url": "http://alr.cms.gov/ig/StructureDefinition/ext-changeReason",
      "title": "ALR Change Reason",
      "types": [
        "Coding",
        "base64Binary",
        "boolean",
        "canonical",
        "code",
        "date",
        "dateTime",
        "decimal",
        "id",
        "instant",
        "integer",
        "markdown",
        "oid",
        "positiveInt",
        "string",
        "time",
        "unsignedInt",
        "uri",
        "url",
        "uuid",
        "Address",
        "Age",
        "Annotation",
        "Attachment",
        "CodeableConcept",
        "Coding",
        "ContactPoint",
        "Count",
        "Distance",
        "Duration",
        "HumanName",
        "Identifier",
        "Money",
        "Period",
        "Quantity",
        "Range",
        "Ratio",
        "Reference",
        "SampledData",
        "Signature",
        "Timing",
        "ContactDetail",
        "Contributor",
        "DataRequirement",
        "Expression",
        "ParameterDefinition",
        "RelatedArtifact",
        "TriggerDefinition",
        "UsageContext",
        "Dosage",
        "Meta"
      ]
    },
    {
      "url": "http://alr.cms.gov/ig/StructureDefinition/ext-claimsBasedAssignmentFlag",
      "title": "ALR Claims Based Assignment",
      "types": [
        "boolean"
      ]
    },
    {
      "url": "http://alr.cms.gov/ig/StructureDefinition/ext-claimsBasedAssignmentStep",
      "title": "ALR Claims Based Assignment",
      "types": [
        "integer"
      ]
    },
    {
      "url": "http://alr.cms.gov/ig/StructureDefinition/ext-enrollmentPeriod",
      "title": "ALR Enrollment Period",
      "types": [
        "Period",
        "base64Binary",
        "boolean",
        "canonical",
        "code",
        "date",
        "dateTime",
        "decimal",
        "id",
        "instant",
        "integer",
        "markdown",
        "oid",
        "positiveInt",
        "string",
        "time",
        "unsignedInt",
        "uri",
        "url",
        "uuid",
        "Address",
        "Age",
        "Annotation",
        "Attachment",
        "CodeableConcept",
        "Coding",
        "ContactPoint",
        "Count",
        "Distance",
        "Duration",
        "HumanName",
        "Identifier",
        "Money",
        "Period",
        "Quantity",
        "Range",
        "Ratio",
        "Reference",
        "SampledData",
        "Signature",
        "Timing",
        "ContactDetail",
        "Contributor",
        "DataRequirement",
        "Expression",
        "ParameterDefinition",
        "RelatedArtifact",
        "TriggerDefinition",
        "UsageContext",
        "Dosage",
        "Meta"
      ]
    },
    {
      "url": "http://alr.cms.gov/ig/StructureDefinition/ext-newlyAssignedBeneficiaryFlag",
      "title": "ALR Newly Assigned Beneficiary Flag",
      "types": [
        "boolean"
      ]
    },
    {
      "url": "http://alr.cms.gov/ig/StructureDefinition/ext-prevAssignedBeneficiaryFlag",
      "title": "ALR Previously Assigned Beneficiary Flag",
      "types": [
        "boolean"
      ]
    },
    {
      "url": "http://alr.cms.gov/ig/StructureDefinition/ext-serviceCount",
      "title": "ALR Service Count",
      "types": [
        "Coding",
        "Identifier",
        "integer",
        "base64Binary",
        "boolean",
        "canonical",
        "code",
        "date",
        "dateTime",
        "decimal",
        "id",
        "instant",
        "integer",
        "markdown",
        "oid",
        "positiveInt",
        "string",
        "time",
        "unsignedInt",
        "uri",
        "url",
        "uuid",
        "Address",
        "Age",
        "Annotation",
        "Attachment",
        "CodeableConcept",
        "Coding",
        "ContactPoint",
        "Count",
        "Distance",
        "Duration",
        "HumanName",
        "Identifier",
        "Money",
        "Period",
        "Quantity",
        "Range",
        "Ratio",
        "Reference",
        "SampledData",
        "Signature",
        "Timing",
        "ContactDetail",
        "Contributor",
        "DataRequirement",
        "Expression",
        "ParameterDefinition",
        "RelatedArtifact",
        "TriggerDefinition",
        "UsageContext",
        "Dosage",
        "Meta"
      ]
    },
    {
      "url": "http://alr.cms.gov/ig/StructureDefinition/ext-serviceCount2",
      "title": "ALR Service Count 2",
      "types": [
        "Identifier",
        "Quantity",
        "base64Binary",
        "boolean",
        "canonical",
        "code",
        "date",
        "dateTime",
        "decimal",
        "id",
        "instant",
        "integer",
        "markdown",
        "oid",
        "positiveInt",
        "string",
        "time",
        "unsignedInt",
        "uri",
        "url",
        "uuid",
        "Address",
        "Age",
        "Annotation",
        "Attachment",
        "CodeableConcept",
        "Coding",
        "ContactPoint",
        "Count",
        "Distance",
        "Duration",
        "HumanName",
        "Identifier",
        "Money",
        "Period",
        "Quantity",
        "Range",
        "Ratio",
        "Reference",
        "SampledData",
        "Signature",
        "Timing",
        "ContactDetail",
        "Contributor",
        "DataRequirement",
        "Expression",
        "ParameterDefinition",
        "RelatedArtifact",
        "TriggerDefinition",
        "UsageContext",
        "Dosage",
        "Meta"
      ]
    },
    {
      "url": "http://alr.cms.gov/ig/StructureDefinition/ext-serviceCountCCN",
      "title": "Service Count by ACO Participant CCN level",
      "types": [
        "Identifier",
        "integer",
        "base64Binary",
        "boolean",
        "canonical",
        "code",
        "date",
        "dateTime",
        "decimal",
        "id",
        "instant",
        "integer",
        "markdown",
        "oid",
        "positiveInt",
        "string",
        "time",
        "unsignedInt",
        "uri",
        "url",
        "uuid",
        "Address",
        "Age",
        "Annotation",
        "Attachment",
        "CodeableConcept",
        "Coding",
        "ContactPoint",
        "Count",
        "Distance",
        "Duration",
        "HumanName",
        "Identifier",
        "Money",
        "Period",
        "Quantity",
        "Range",
        "Ratio",
        "Reference",
        "SampledData",
        "Signature",
        "Timing",
        "ContactDetail",
        "Contributor",
        "DataRequirement",
        "Expression",
        "ParameterDefinition",
        "RelatedArtifact",
        "TriggerDefinition",
        "UsageContext",
        "Dosage",
        "Meta"
      ]
    },
    {
      "url": "http://alr.cms.gov/ig/StructureDefinition/ext-serviceCountTIN",
      "title": "Service Count by ACO Participant TIN level",
      "types": [
        "Identifier",
        "integer",
        "base64Binary",
        "boolean",
        "canonical",
        "code",
        "date",
        "dateTime",
        "decimal",
        "id",
        "instant",
        "integer",
        "markdown",
        "oid",
        "positiveInt",
        "string",
        "time",
        "unsignedInt",
        "uri",
        "url",
        "uuid",
        "Address",
        "Age",
        "Annotation",
        "Attachment",
        "CodeableConcept",
        "Coding",
        "ContactPoint",
        "Count",
        "Distance",
        "Duration",
        "HumanName",
        "Identifier",
        "Money",
        "Period",
        "Quantity",
        "Range",
        "Ratio",
        "Reference",
        "SampledData",
        "Signature",
        "Timing",
        "ContactDetail",
        "Contributor",
        "DataRequirement",
        "Expression",
        "ParameterDefinition",
        "RelatedArtifact",
        "TriggerDefinition",
        "UsageContext",
        "Dosage",
        "Meta"
      ]
    },
    {
      "url": "http://alr.cms.gov/ig/StructureDefinition/ext-serviceCountTIN-NPI",
      "title": "Top ACO Participant TIN-Individual NPI",
      "types": [
        "Identifier",
        "integer",
        "base64Binary",
        "boolean",
        "canonical",
        "code",
        "date",
        "dateTime",
        "decimal",
        "id",
        "instant",
        "integer",
        "markdown",
        "oid",
        "positiveInt",
        "string",
        "time",
        "unsignedInt",
        "uri",
        "url",
        "uuid",
        "Address",
        "Age",
        "Annotation",
        "Attachment",
        "CodeableConcept",
        "Coding",
        "ContactPoint",
        "Count",
        "Distance",
        "Duration",
        "HumanName",
        "Identifier",
        "Money",
        "Period",
        "Quantity",
        "Range",
        "Ratio",
        "Reference",
        "SampledData",
        "Signature",
        "Timing",
        "ContactDetail",
        "Contributor",
        "DataRequirement",
        "Expression",
        "ParameterDefinition",
        "RelatedArtifact",
        "TriggerDefinition",
        "UsageContext",
        "Dosage",
        "Meta"
      ]
    },
    {
      "url": "http://alr.cms.gov/ig/StructureDefinition/ext-voluntaryAlignmentFlag",
      "title": "ALR Voluntary Alignment",
      "types": [
        "boolean"
      ]
    }
  ],
  "profiles": {
    "Coverage": [
      {
        "url": "http://alr.cms.gov/ig/StructureDefinition/alr-Coverage",
        "title": "ALR Coverage Profile"
      }
    ],
    "Group": [
      {
        "url": "http://alr.cms.gov/ig/StructureDefinition/alr-Group",
        "title": "ALR Group Profile"
      }
    ],
    "Observation": [
      {
        "url": "http://alr.cms.gov/ig/StructureDefinition/alr-HccRiskFlag",
        "title": "ALR HCC Flag Profile"
      }
    ],
    "Patient": [
      {
        "url": "http://alr.cms.gov/ig/StructureDefinition/alr-Patient",
        "title": "ALR Patient Profile"
      }
    ],
    "RiskAssessment": [
      {
        "url": "http://alr.cms.gov/ig/StructureDefinition/alr-RiskAssessment",
        "title": "ALR Risk Assessment Profile"
      }
    ]
  },
  "usage": {
    "http://alr.cms.gov/ig/StructureDefinition/ext-changeReason": [
      "Group.member"
    ],
    "http://alr.cms.gov/ig/StructureDefinition/ext-claimsBasedAssignmentFlag": [
      "Group.member"
    ],
    "http://alr.cms.gov/ig/StructureDefinition/ext-claimsBasedAssignmentStep": [
      "Group.member"
    ],
    "http://alr.cms.gov/ig/StructureDefinition/ext-enrollmentPeriod": [
      "Coverage"
    ],
    "http://alr.cms.gov/ig/StructureDefinition/ext-newlyAssignedBeneficiaryFlag": [
      "Group.member"
    ],
    "http://alr.cms.gov/ig/StructureDefinition/ext-prevAssignedBeneficiaryFlag": [
      "Group.member"
    ],
    "http://alr.cms.gov/ig/StructureDefinition/ext-serviceCountCCN": [
      "Patient"
    ],
    "http://alr.cms.gov/ig/StructureDefinition/ext-serviceCountTIN": [
      "Patient"
    ],
    "http://alr.cms.gov/ig/StructureDefinition/ext-serviceCountTIN-NPI": [
      "Patient"
    ],
    "http://alr.cms.gov/ig/StructureDefinition/ext-voluntaryAlignmentFlag": [
      "Group.member",
      "Patient"
    ],
    "http://hl7.org/fhir/StructureDefinition/elementdefinition-bestpractice": [
      "StructureDefinition.snapshot.element.constraint"
    ],
    "http://hl7.org/fhir/StructureDefinition/elementdefinition-bestpractice-explanation": [
      "StructureDefinition.snapshot.element.constraint"
    ],
    "http://hl7.org/fhir/StructureDefinition/elementdefinition-bindingName": [
      "StructureDefinition.snapshot.element.binding"
    ],
    "http://hl7.org/fhir/StructureDefinition/elementdefinition-isCommonBinding": [
      "StructureDefinition.snapshot.element.binding"
    ],
    "http://hl7.org/fhir/StructureDefinition/elementdefinition-maxValueSet": [
      "StructureDefinition.snapshot.element.binding"
    ],
    "http://hl7.org/fhir/StructureDefinition/elementdefinition-translatable": [
      "StructureDefinition.snapshot.element"
    ],
    "http://hl7.org/fhir/StructureDefinition/structuredefinition-category": [
      "StructureDefinition"
    ],
    "http://hl7.org/fhir/StructureDefinition/structuredefinition-display-hint": [
      "StructureDefinition.snapshot.element"
    ],
    "http://hl7.org/fhir/StructureDefinition/structuredefinition-explicit-type-name": [
      "StructureDefinition.snapshot.element"
    ],
    "http://hl7.org/fhir/StructureDefinition/structuredefinition-fhir-type": [
      "StructureDefinition.snapshot.element.type"
    ],
    "http://hl7.org/fhir/StructureDefinition/structuredefinition-hierarchy": [
      "StructureDefinition.snapshot.element.type"
    ],
    "http://hl7.org/fhir/StructureDefinition/structuredefinition-security-category": [
      "StructureDefinition"
    ],
    "http://hl7.org/fhir/StructureDefinition/structuredefinition-standards-status": [
      "StructureDefinition.snapshot.element"
    ],
    "http://hl7.org/fhir/tools/StructureDefinition/ig-parameter": [
      "ImplementationGuide.definition"
    ],
    "http://hl7.org/fhir/tools/StructureDefinition/resource-information": [
      "ImplementationGuide.definition.resource"
    ],
    "http://hl7.org/fhir/us/core/StructureDefinition/us-core-birthsex": [
      "Patient"
    ],
    "http://hl7.org/fhir/us/core/StructureDefinition/us-core-ethnicity": [
      "Patient"
    ],
    "http://hl7.org/fhir/us/core/StructureDefinition/us-core-race": [
      "Patient"
    ],
    "http://hl7.org/fhir/us/davinci-atr/StructureDefinition/ext-attributedProvider": [
      "Group.member"
    ],
    "http://hl7.org/fhir/us/davinci-atr/StructureDefinition/ext-changeType": [
      "Group.member"
    ],
    "http://hl7.org/fhir/us/davinci-atr/StructureDefinition/ext-contractValidityPeriod": [
      "Group"
    ],
    "http://hl7.org/fhir/us/davinci-atr/StructureDefinition/ext-coverageReference": [
      "Group.member"
    ],
    "http://hl7.org/fhir/us/davinci-atr/StructureDefinition/ext-insuranceProductType": [
      "Coverage"
    ]
  }
}